Ofiicial Account Name,count
齐鲁低碳网,1.0
0元优惠站,1.0
0元领优惠,1.0
2018家庭相册,1.0
365道美食DIY,1.0
3分钟学化妆,1.0
5分钟学做菜,1.0
5分钟穿搭术,1.0
7天读完一本书,1.0
A老贰,1.0
DIY营养早餐,1.0
Fans后援会,1.0
Fashion幺姐,1.0
FitTime睿健时代,1.0
GhettoBitch,1.0
HD云电影,1.0
HKChannel,1.0
KIMISS闺蜜,1.0
Kelly的种草日记,1.0
MG小象,1.0
MM女人坊,1.0
Rapper,1.0
Yoga瑜伽课堂,1.0
黑马九卦,1.0
ababy,1.0
青楼派对,1.0
静好女人,1.0
静心阅读,1.0
非常八卦,1.0
非常文山,1.0
韩剧综艺圈,1.0
雄鹰家族,1.0
集集爱追剧,1.0
零壹鬼话,1.0
零点情感故事,1.0
青岛女主,1.0
青岛玩乐宝,1.0
青木小说,1.0
阜城同城,1.0
阳台学种菜,1.0
阿南观察,1.0
阿古影院,1.0
阿龙吐娱乐,1.0
陆离光影,1.0
陪你听怀旧歌曲,1.0
陪您夜听好书,1.0
铁血生涯,1.0
铁血长歌,1.0
银河影视城,1.0
长汀在线,1.0
闻闻俱备,1.0
阅享微刊,1.0
阎王币记,1.0
交替思维,1.0
享受生活常态,1.0
京剧台,1.0
亲子成长育儿圈,1.0
亲子智慧学堂,1.0
人人健身,1.0
人人征信,1.0
书女阁,1.0
书斋,1.0
二斤女儿红,1.0
二更影院,1.0
云南活动,1.0
云点书城,1.0
互助养猪宝典,1.0
丰县群,1.0
为人处世之道,1.0
么么情感,1.0
乐一乐视频,1.0
乖妹娱乐资讯,1.0
乖宝宝小说,1.0
书女行,1.0
东方前线,1.0
东西南北人,1.0
东访娱乐,1.0
东邪西媚,1.0
个人投资理财经济学,1.0
中英街预约,1.0
优惠天天给,1.0
优秀学习团,1.0
优美文字语录,1.0
优美读书,1.0
优质段子,1.0
会规划的女人,1.0
会计从业资格证,1.0
会说话女人,1.0
企业最新商机,1.0
众娱至尚,1.0
众益堂艺术馆,1.0
优惠0元领,1.0
优惠免费社,1.0
优惠免费领,1.0
优惠共享站,1.0
人气街拍,1.0
人生语言,1.0
今夜蜜语时刻,1.0
今日杂谈,1.0
今日读诗,1.0
人民历史参考,1.0
人民新历史,1.0
人民见闻,1.0
人气女王说话术,1.0
人气女皇说话术,1.0
人气穿搭女王,1.0
健康美食荟,1.0
健美瑜伽操,1.0
儒家经典语录,1.0
儒用道法佛体,1.0
光来之前,1.0
免费优惠吧,1.0
免费优惠站,1.0
免费共享吧,1.0
做会说话的女人,1.0
做强大女人,1.0
做菜就这么简单,1.0
做菜真简单,1.0
做饭其实超简单,1.0
健康与修行,1.0
健康产业大平台,1.0
健康烹饪食谱,1.0
你好东农,1.0
佰事爆料,1.0
佳人签,1.0
保动画,1.0
倪读,1.0
做个会读书的女人,1.0
做个时尚美人,1.0
做个有气质的女生,1.0
伟哥娱乐,1.0
伤感女人夜听,1.0
伴读书城,1.0
伽柏传媒,1.0
佛心参禅,1.0
佛语佛言订阅号,1.0
你在读吧,1.0
养颜护肤堂,1.0
兽楼的江湖,1.0
内部参阅,1.0
冉麻麻的秘宝,1.0
军中密档,1.0
军务热报,1.0
军味,1.0
军密要闻,1.0
八号电影,1.0
八命先生,1.0
公开课程平台,1.0
关注囯事,1.0
养花窍门,1.0
养身宝典,1.0
全球爆笑汇,1.0
八一军歌,1.0
八卦女皇,1.0
八卦小淑,1.0
八卦少年哦,1.0
八卦屋,1.0
八卦新视野,1.0
八卦有个圈,1.0
免费好课,1.0
免费拿优惠,1.0
免费特惠站,1.0
免费生活站,1.0
免费给优惠,1.0
全球时局动态,1.0
全球正商阅读,1.0
十八般污艺,1.0
十点直听,1.0
十点阅读语录,1.0
千寻言情,1.0
华闻参考,1.0
努力奔向C目标,1.0
励志呢,1.0
勤勤娱乐社,1.0
化妆微宝典,1.0
化妆技巧,1.0
医学考试网,1.0
医美管家,1.0
凊渎,1.0
凌点娱乐,1.0
凤凰新闻客户端,1.0
创意DIY,1.0
加西周末,1.0
军政热报,1.0
军方点评,1.0
军武热点揭秘,1.0
军爆天下,1.0
农夫新鲜事,1.0
冷眼文摘,1.0
史上最贱喵,1.0
右手书铺,1.0
吃瓜吐槽酱,1.0
吃货志,1.0
合肥女主,1.0
名创优品,1.0
吐槽娱乐圈,1.0
听京剧,1.0
发发趣闻,1.0
发型屋,1.0
发艺师,1.0
古代智慧,1.0
古典书海,1.0
古韵书舍,1.0
可可西里的酒馆,1.0
厘米秀哈,1.0
原图妹,1.0
反腐检举,1.0
反腐聚焦,1.0
反贪纪实,1.0
南京女主,1.0
南华论坛,1.0
南都娱乐,1.0
博雅书学堂,1.0
卡洛尔珠宝,1.0
卷雅书屋,1.0
野妹视频,1.0
金融头条,1.0
钩花课堂,1.0
铁血总汇,1.0
那些秘密事,1.0
都市乐道,1.0
都市女人帮,1.0
都市靓丽佳人,1.0
醉读古诗词,1.0
醒发师,1.0
释凡说影视,1.0
逆导思维,1.0
递笔,1.0
逗乐视频站,1.0
逗儿观影,1.0
逗比视频,1.0
逗萌社,1.0
速学素描,1.0
逻辑与思维的对话,1.0
达州热点,1.0
运营商情报,1.0
近日热点,1.0
这样的妈妈才优秀,1.0
这样的妈妈才称职,1.0
迪丽o热巴,1.0
退伍老兵根据地,1.0
国学经典智慧,1.0
国政时事网,1.0
国民之声,1.0
国民秘事,1.0
国略,1.0
国闻参阅,1.0
嘻哈娱乐工厂,1.0
四季读书绘,1.0
囯事告知,1.0
囯际军武,1.0
固向思维,1.0
国人军武榜,1.0
哲言心语,1.0
唐人街故事,1.0
唤读,1.0
唯美心情分享,1.0
唯美爱情学日记,1.0
唱歌训练营,1.0
喵姐信箱,1.0
嗨达令,1.0
呆呆阅读网,1.0
呱啦娱乐,1.0
咿读,1.0
品读四川,1.0
品读河南,1.0
品鉴,1.0
哊书,1.0
哲理故事,1.0
大唐雷音寺之老梁讲播,1.0
大囯梦,1.0
大国微刊,1.0
大圣爆料,1.0
大梅沙预约,1.0
大连交通广播,1.0
天天健身营,1.0
外地打工,1.0
外星人看我的国,1.0
多伦多Blues,1.0
夜听谈心,1.0
夜深色,1.0
大众搞笑趣谈,1.0
大厨教你烧菜,1.0
图图妈妈私房菜,1.0
圈内大神,1.0
复转军人的心声,1.0
夕阅,1.0
国闻微刊,1.0
国际新局势,1.0
国际时局网,1.0
国际时政热点,1.0
国际看热点,1.0
国魂时事,1.0
女人要练瑜伽,1.0
女人读心术,1.0
女子与书,1.0
女子健身保养,1.0
女子好读,1.0
女子学说话,1.0
女子微读,1.0
女慧,1.0
女人品读书,1.0
女人处世智慧,1.0
女人当知书,1.0
女人扎发小课堂,1.0
女人气质养成,1.0
女人知多少,1.0
女人私密学,1.0
女人要懂得那些事,1.0
奇葩乐呵事,1.0
奇葩娱乐圈儿,1.0
奇闻发现,1.0
奇闻怪事选视频,1.0
奇闻趣事糗事,1.0
女人书桌,1.0
女人书轩,1.0
天天学养花,1.0
天天学化妆,1.0
天天快递单号查询,1.0
天天拿优惠,1.0
天津卫视传媒,1.0
天津新时光,1.0
头条汇,1.0
好妈妈必看育儿经,1.0
好妈妈考场,1.0
好妈妈育儿精选,1.0
好妈妈这样做,1.0
好看发型图片,1.0
如何教你瘦,1.0
女神私语,1.0
女神穿衣小课堂,1.0
女神范儿,1.0
女神进化计,1.0
她刊视野,1.0
她言她语,1.0
她阅,1.0
好妈妈帮手,1.0
女生那点小事,1.0
女神书室,1.0
女神必学厨艺,1.0
女神教你玩搭配,1.0
女神文摘,1.0
女神文斋,1.0
女神日刊,1.0
女神生活街,1.0
女生必备知识,1.0
女生必知的那些事,1.0
女生恋爱心语,1.0
女生最潮打扮,1.0
女生爱护肤,1.0
女生私密花园,1.0
女生秘密花园,1.0
娱乐劲点,1.0
娱乐喵三声,1.0
娱乐圈博士,1.0
娱乐圈扒酱,1.0
娱乐在边边,1.0
娱乐壹刻,1.0
娱乐奇葩视频,1.0
姿书,1.0
姿读,1.0
娟姐私房菜,1.0
娱乐八卦,1.0
娱乐八卦扒,1.0
娱乐内幕大爆料,1.0
妙书,1.0
妙手折纸,1.0
妙手钩花,1.0
妙读一刻,1.0
妸读,1.0
妼读,1.0
姀读,1.0
妈咪养娃百招,1.0
妈咪育儿堂,1.0
妈咪育儿手册,1.0
妈妈微时光,1.0
妈妈必学经,1.0
妈妈必看手册,1.0
妈妈最爱广场舞,1.0
嫆书,1.0
孜书,1.0
学习免费课,1.0
学做精致女人,1.0
学做美食很简单,1.0
学做聪明女子,1.0
学居家小常识,1.0
学手机摄影技巧,1.0
娱闻少女,1.0
娴知,1.0
婚姻幸福日纪,1.0
婚姻情感生活篇,1.0
婚姻爱情宝典,1.0
媮读,1.0
娱乐纨子,1.0
娱乐线条,1.0
娱乐老街,1.0
娱乐说,1.0
娱乐追报,1.0
娱乐阵地圈,1.0
娱美美,1.0
娱乐新启点,1.0
娱乐果果,1.0
娱乐每日爆,1.0
娱乐深八,1.0
娱乐热点站,1.0
轻松瘦脸瘦腰瘦肚子,1.0
轻松驾驭男人,1.0
辣妈教室,1.0
辣妈爱编发,1.0
辣妈靓宝,1.0
辣条小板凳,1.0
边听,1.0
达人钧钧工作室,1.0
跟我瘦脸瘦肚子,1.0
跟我轻松学做饭,1.0
跟着大厨学做饭,1.0
车事指南,1.0
转角影视分享,1.0
轻松吃瓜萝卜酱,1.0
轻松学化妆术,1.0
轻松瘦到90斤,1.0
超级服装师,1.0
超经典阅读,1.0
超赞音乐相册,1.0
趣事搞笑馆,1.0
趣闻知晓,1.0
跟我减去大肚子,1.0
跟我学弄头发,1.0
跟我扎头发,1.0
贞读,1.0
贫穷料理,1.0
贵圈里的那点事,1.0
资源杀手,1.0
赛雷三分钟,1.0
赵1丽颖,1.0
超级优惠站,1.0
家庭生活攻略,1.0
容县事,1.0
寻艺,1.0
小仙女修炼日记,1.0
小奇迹娱乐,1.0
小小贝支付,1.0
宝妈互动圈,1.0
宝妈育儿讲堂,1.0
宝藏资讯,1.0
实时新暴料,1.0
家事兴家政,1.0
安徽女装工厂专卖,1.0
安徽派,1.0
安徽范,1.0
安阳车友,1.0
宋民国表情,1.0
宝佳娱乐圈,1.0
宝典小说,1.0
宝妈与萌宝,1.0
学气质女人穿衣,1.0
学点养花小窍门,1.0
学生情,1.0
学经期护理妙招,1.0
学编织很简单yo,1.0
学说话的女人,1.0
宅男宅女集中吧,1.0
幸福女人懂心计,1.0
幸福女人族,1.0
幸福时光微相册,1.0
广东妈咪圈,1.0
广州兼职全职,1.0
广州新款夏装工厂店,1.0
广州服装专卖,1.0
广西玩乐,1.0
带您去旅行,1.0
带着相机去旅行,1.0
干部公务员参阅,1.0
平常人生ABC,1.0
平民大事件,1.0
平民评论,1.0
幸福久一点吧,1.0
山东号外,1.0
山东政商,1.0
岑读,1.0
岚读,1.0
巧手小课堂,1.0
师姐有毒,1.0
带你去看好风光,1.0
小明和小红的日常,1.0
就想看电影,1.0
就是哪么有意思的,1.0
局势利剑,1.0
层次高的女人,1.0
居家情感故事,1.0
居家收纳大智慧,1.0
山东事儿,1.0
心情频道,1.0
心灵与梦,1.0
心灵之交,1.0
心灵之志,1.0
心灵慧齿,1.0
心灵文字,1.0
影视资讯社,1.0
很八卦,1.0
微梦寻科技,1.0
微渎,1.0
微语录l,1.0
强大女人知书,1.0
当兵男神,1.0
彩钻美甲教程,1.0
影大,1.0
影视柯南,1.0
影视资源社,1.0
广饮广食GZ,1.0
库里南,1.0
开心书舍,1.0
开心逗笑,1.0
开拼了八姐,1.0
引领生活健康365,1.0
慬读,1.0
懂你的资源君,1.0
懂点瑜伽瘦身,1.0
成功必读,1.0
成功阅读,1.0
成安帮,1.0
成成影视,1.0
成成笑谈,1.0
想瘦就瘦,1.0
感恩企业管理,1.0
感情室,1.0
感情湾,1.0
愿书,1.0
慈书,1.0
慈读,1.0
悦读经典文摘,1.0
情剧,1.0
情意社,1.0
情感娱乐故事,1.0
情感小猪,1.0
情感暖心故事,1.0
惊天热点,1.0
惠知天下事,1.0
快递查询顺丰申通圆通韵达,1.0
怀书,1.0
思利极人之声,1.0
恋爱心事,1.0
恋爱手册love,1.0
悉尼星尚,1.0
悦己书院,1.0
悦读人生365,1.0
插花教程,1.0
搞笑丫,1.0
搞笑冷丫,1.0
搞笑奇葩谈,1.0
搞笑教授,1.0
搞笑落地成盒,1.0
搞笑表情包V,1.0
护肤小时尚,1.0
掌中商河,1.0
掌心微书城,1.0
探索,1.0
探索易经风水,1.0
手掌创业,1.0
手机电视直播高清,1.0
手游用,1.0
扒壹扒,1.0
扒姐娱乐圈,1.0
扒情局,1.0
成武信息港,1.0
我是个妈妈,1.0
我爱狗狗,1.0
战壕兵魂,1.0
战戈,1.0
手把手教你烘焙,1.0
手把手教你编织,1.0
教你学做99道菜,1.0
教你学做好饭菜,1.0
教你学做饭-做菜-家常菜-吃货,1.0
教你学点小厨艺,1.0
教你快速学烧菜,1.0
教你扎365种头发,1.0
教你扎头发,1.0
教你扎最美发型,1.0
教你减下肚子,1.0
教你化妆小诀窍,1.0
教你化妆小诀窍Yo,1.0
教你化妆打扮,1.0
教你发型设计,1.0
教你学会编织,1.0
教你学做365道家常菜,1.0
教你学做366道菜,1.0
政坛大事,1.0
政局新视野,1.0
故姐,1.0
教你30天瘦下来,1.0
教你优雅瑜伽,1.0
教你做个称职妈妈,1.0
教你做美食,1.0
搭配下,1.0
搭配女神,1.0
摄影实用小技巧,1.0
摆渡阅读,1.0
撸铁一姐,1.0
改变娱乐第一人,1.0
政事知晓,1.0
政坛史记,1.0
敢说天下事,1.0
整点悦读,1.0
整点电影,1.0
文刊,1.0
文学舍,1.0
斗图兔,1.0
新化老男孩,1.0
新时代参考,1.0
教您做菜,1.0
教您减小肚子,1.0
教您学做好菜,1.0
教您生活窍门,1.0
教您穿衣显洋气,1.0
教您简单学编织,1.0
教您育儿小技巧,1.0
教点化妆技巧,1.0
教你编织,1.0
教你美甲教程,1.0
教你美肤养颜,1.0
教你育儿经,1.0
教你轻松学做家常菜,1.0
教你驾驭男人,1.0
教师茶话,1.0
教您做1个好妈妈,1.0
教你打台球,1.0
教你拍美照,1.0
教你气质潮穿搭yo,1.0
教你烘焙,1.0
教你瑜伽,1.0
教你瘦到88斤,1.0
教你盘100种头发,1.0
教你穿衣潮打扮,1.0
时尚穿衣搭配,1.0
时尚穿衣搭配师,1.0
时尚美人杂志,1.0
时尚街拍手册,1.0
时髦搭配笔记,1.0
时髦服装妙穿搭,1.0
昌明秘闻,1.0
明星大揭秘,1.0
时光倒映机,1.0
时光沙漏相册,1.0
时光絮语,1.0
时尚女人坊,1.0
时尚女人日志,1.0
时尚女性,1.0
时尚搭配女王,1.0
时尚搭配师,1.0
无限I极I事业宝典,1.0
日日品读,1.0
旧拾趣,1.0
时事爆料,1.0
时事生活热点,1.0
时事观察眼,1.0
时事观点,1.0
新晚报影视,1.0
新泰微生活,1.0
新泰范,1.0
新阅文学,1.0
新青年2018,1.0
无忧小说,1.0
无棣热点,1.0
说娱乐圈,1.0
说法品茶,1.0
说给女生听,1.0
读书么,1.0
课堂教授,1.0
谈星吧,1.0
谨书,1.0
记者直播,1.0
论音佛语,1.0
识书女人,1.0
诉离殇,1.0
诚信书馆,1.0
话在当下,1.0
说人生,1.0
观影每周五,1.0
视听志,1.0
警界Police,1.0
让人心疼的文字,1.0
让你变时尚,1.0
让你轻松学做菜,1.0
让你轻松扎发,1.0
记者和传媒,1.0
街拍收藏馆,1.0
衣服很漂亮,1.0
表情包虫,1.0
装逼能手,1.0
西安娱乐哥,1.0
西瑶书院,1.0
西门君八卦,1.0
要闻订阅,1.0
最懂青岛,1.0
最新事态,1.0
最新前沿资讯,1.0
最新看电影,1.0
最新鲜娱乐,1.0
最爱大淮安,1.0
晗读,1.0
晚听伴你入睡,1.0
晚安世界,1.0
晦读,1.0
晴空书院,1.0
智慧哈南,1.0
暖书姑娘,1.0
暗群,1.0
星座秘语,1.0
星座运势网,1.0
星座配对命盘,1.0
星座风水学,1.0
星灵心意,1.0
晋京圈,1.0
明星娱乐新趣事,1.0
易学读心术,1.0
易经神通,1.0
易经风i水,1.0
易经风水泫学,1.0
星君娱乐,1.0
星座知多少,1.0
概念车鉴赏俱乐部,1.0
槑读,1.0
槭书,1.0
模拟思想,1.0
樱桃Read,1.0
橙色言情,1.0
欢乐爆笑馆,1.0
枕边书房,1.0
枕边刊物,1.0
柒点读书,1.0
查阅课程专用,1.0
柳渎,1.0
桂林城事,1.0
梵心仏语,1.0
植物百科园,1.0
服装打扮,1.0
朝花偶拾,1.0
朝阳实拍,1.0
朵儿心语,1.0
朵爱,1.0
杂谈中心,1.0
杰哥娱乐圈,1.0
東方热事,1.0
最爱学做饭,1.0
有个资源,1.0
有免费优惠,1.0
有才的女人,1.0
有智慧女人,1.0
有爱有乐,1.0
有部电影圈,1.0
每日时讯News,1.0
每日最新秘闻,1.0
每日瑜伽练习,1.0
每日穿衣搭配志,1.0
每日绘画课堂,1.0
每日菜谱指南,1.0
每日课程更新,1.0
每天轻松瘦到90斤,1.0
每天都市,1.0
每天都来学编织,1.0
每日内涵笑不停,1.0
每日学扎头发,1.0
每日情报中心,1.0
每日推荐精彩视频,1.0
每日推荐读书,1.0
每天公开课,1.0
每天共读一书,1.0
每天学点穿衣打扮,1.0
每天微课程,1.0
每天心情驿站,1.0
每天暖心故事,1.0
每天练瑜伽,1.0
每天轻松瘦3斤,1.0
正义之声联盟,1.0
歪歌社,1.0
母婴club,1.0
母婴知识大全,1.0
每天一点小知识,1.0
每天一节瑜珈课,1.0
每天做梦,1.0
每天健康常识,1.0
法意闲情,1.0
法正民安七世,1.0
泛娱谈心,1.0
泰济生家园网,1.0
泰阅小说,1.0
洋气女装,1.0
江苏号外,1.0
江苏女装批发专卖厂家,1.0
河东直播,1.0
河南网事,1.0
河狸家App,1.0
治愈系签名,1.0
民求事实,1.0
民间实拍,1.0
民间最新事,1.0
民间杂谈i,1.0
气质搭配小妙招,1.0
气质读书女,1.0
水疗之声,1.0
每日跟我学做菜,1.0
每晚读书推荐,1.0
毒舌一姐,1.0
民事专访,1.0
民事实时,1.0
民商事法律帝国,1.0
民声时讯,1.0
潮流事件,1.0
潮流搭配阁,1.0
激情夜晚,1.0
火柴的理想,1.0
点滴语录,1.0
烂番茄,1.0
烘焙屋,1.0
热恋吧,1.0
深水娱乐圈,1.0
清香书屋,1.0
温渎,1.0
游戏鸟,1.0
游泳小助手,1.0
湘潭本地生活指南,1.0
滋补品行业网,1.0
潮女生活志,1.0
深圳招聘会,1.0
深圳通二维码,1.0
深圳通地铁二维码,1.0
深夜姐姐小视频,1.0
深度文摘,1.0
洞鉴国魂,1.0
流川小子,1.0
海南身边事,1.0
海绵追剧,1.0
润之思想,1.0
涵书坊,1.0
爱情谈,1.0
爱渎,1.0
爱短发,1.0
爱美丽女生,1.0
爱说星座,1.0
爱说话姑娘,1.0
爱人枕边情话儿,1.0
爱国精英,1.0
爱奇艺,1.0
爱恨红尘,1.0
爱情星座语录,1.0
爱情疗伤话,1.0
爱情街,1.0
爱情语录合集,1.0
然读,1.0
爆料资讯网,1.0
爆笑娱乐趴,1.0
爆笑王中榜,1.0
爆笑视频馆,1.0
爱上新资讯,1.0
热播电视剧大全,1.0
热点追追,1.0
热辣深夜,1.0
热门影讯,1.0
热门搜一搜,1.0
热门爆笑坊,1.0
热门精选搞笑段子,1.0
焦点共读,1.0
瑜伽塑身课堂,1.0
瑜伽天天学,1.0
瑜伽瘦身视频,1.0
瑶读,1.0
生活大讲坛,1.0
生活实用技巧,1.0
生活小智慧,1.0
生活最资讯,1.0
环球采风,1.0
现场实拍,1.0
珒读,1.0
珠海进行时,1.0
理性的女人,1.0
琬书,1.0
琸读,1.0
瑜伽动起来,1.0
环球司令部,1.0
环球局势,1.0
环球揭密,1.0
环球搞笑糗事,1.0
环球摄影,1.0
环球时讯热点,1.0
环球最前线,1.0
环球要闻网,1.0
牛大侃娱乐,1.0
牛逼小视频,1.0
狮机之家,1.0
猪姐变美记,1.0
王台吧,1.0
睿智慧,1.0
瞄影,1.0
矢读,1.0
知书女,1.0
知书婉读,1.0
知书悦读,1.0
知味茶业,1.0
知心故事,1.0
百姓聊吧,1.0
百读芳草,1.0
直消中l国,1.0
相约星座,1.0
看书的女人,1.0
真彩简笔画,1.0
睡前瑜伽,1.0
瘦身瑜伽课,1.0
百事机秘,1.0
百姓乐吧,1.0
百姓人间,1.0
百姓大爆料s,1.0
百姓报导,1.0
百姓时政热点,1.0
百姓生活杂刊,1.0
生活有妙招,1.0
生活相册制作,1.0
生活造物者,1.0
生肖解说大全,1.0
畅游盐田预约,1.0
留住时光的容颜,1.0
瘦身,1.0
立场娱乐,1.0
立读,1.0
竞彩篮球期期爆料,1.0
笑友之家,1.0
笑谈,1.0
筑书文学,1.0
简单学彩绘,1.0
秋水文摘,1.0
科学育儿方法,1.0
穆斯林之家,1.0
穿出韩范儿,1.0
穿搭室,1.0
穿衣哈,1.0
窗读,1.0
社会百态,1.0
祛斑祛痘很简单,1.0
禅心纶音,1.0
离人心,1.0
秀场来了,1.0
私人打扮师,1.0
私人搭配绝招,1.0
私房菜大厨,1.0
知心视频,1.0
知识提升营,1.0
短发范,1.0
石家庄大城小事,1.0
石家庄大小,1.0
石家庄女主,1.0
研究养猪的怪物,1.0
碧读,1.0
萌宠狗狗专家,1.0
萌宠范儿,1.0
营养膳食大全,1.0
薇昕美妆,1.0
虾米娱乐,1.0
行情热点追踪,1.0
街拍Style,1.0
花样编织日记,1.0
芳华有约,1.0
荚读,1.0
菁读,1.0
菇凉爱韩范,1.0
菜谱美食,1.0
萌宝大课堂,1.0
肆书所,1.0
育儿微秘籍,1.0
育儿必看,1.0
胖胖的焦点,1.0
胡姓家族,1.0
致前度的公开信,1.0
艺凡国际电影城,1.0
老梁特别能说话,1.0
耍酷机长,1.0
聊读,1.0
职场智慧说,1.0
聚侠庄,1.0
聪明女人爱看书,1.0
聪明妈妈早知道,1.0
经典日读,1.0
经典牛逼小视频,1.0
经典老歌300首,1.0
经期护理常识,1.0
经期气血调理,1.0
经济24时,1.0
绿色生活,1.0
缘生君,1.0
红色史事,1.0
红色实事,1.0
红色要参,1.0
红都子长,1.0
纵览囯闻,1.0
纵览百事,1.0
终极影院,1.0
糗事宝,1.0
糗事派,1.0
紧急通知,1.0
繁点阅读,1.0
红人屋,1.0
红人影院,1.0
红尘书榭,1.0
简笔画天天学,1.0
简笔画画画,1.0
箐读,1.0
精彩热门电影,1.0
精彩胶州,1.0
精美微小说,1.0
精选课堂,1.0
美食菜谱大全,1.0
老人焦点,1.0
老兵之家俱乐部,1.0
老兵分享网,1.0
老兵社区,1.0
老崔説事,1.0
老板创业圈,1.0
老梁大世界,1.0
美美家族,1.0
美美耶,1.0
美肤养颜小常识,1.0
美胸狠简单,1.0
美鞋控,1.0
美颜护肤控,1.0
美食圈圈,1.0
美女养成志,1.0
美妆微宝典,1.0
美学日记life,1.0
美文精选合集,1.0
美甲护肤教程,1.0
网红晚间档,1.0
网络大电影,1.0
网络小说,1.0
网络流行语,1.0
美人进化计,1.0
美到窒息得文字,1.0
美发颜值社,1.0
鹿I晗,1.0
鹿l晗日记,1.0
鹿饭正能量,1.0
麻辣表哥,1.0
麻酱美妆记,1.0
黑丫搞笑,1.0
黑科技游戏,1.0
鬼拍内部群,1.0
魅力呼伦贝尔,1.0
魅力悦读,1.0
魏州生活圈,1.0
鹰胆鸽魂,1.0
鹿EXO晗,1.0
风尚学堂,1.0
风杨娱乐,1.0
风水奇门八卦,1.0
风水神算,1.0
风水财运道,1.0
风雷打板看天下,1.0
飞行员帅BOY,1.0
馨茗雅致,1.0
韩剧范,1.0
音乐用,1.0
顶尖化妆课,1.0
顾渎,1.0
领悟人生智慧,1.0
风光摄影,1.0
上海新款工厂,1.0
不朽军事,1.0
不正常人研究中心,1.0
不约郑叔叔,1.0
与成功者同行,1.0
专业鉴宝鉴定师,1.0
东北大逗逗,1.0
东方之说,1.0
万读大叔,1.0
三农财富直通车,1.0
三分钟学化妆,1.0
三次方剧乐部,1.0
上映电影,1.0
一块儿去旅行,1.0
一手最强资讯,1.0
一条读书,1.0
一起塑身成90斤,1.0
一起学做烘焙,1.0
一起来学瑜伽,1.0
丁小点漫画集,1.0
七点半教学,1.0
i神木,1.0
wangsicong,1.0
zYY八卦资讯,1.0
一分钟学做饭炒菜,1.0
一分钟穿搭,1.0
一句心情签名,1.0
一句话一段情一生守候,1.0
八卦老婆,0.9090909090909091
星云一佛,0.9090909090909091
微秀儿,0.875
美美娱乐,0.8571428571428571
娱乐风云君,0.8571428571428571
爸妈社,0.8571428571428571
实用心理学,0.8181818181818182
圈内生活,0.8
娱闻少年,0.8
优好看,0.8
乐娱天地,0.8
星闻速递,0.75
今日法苑,0.75
圈圈聚焦,0.75
大千世界,0.75
Y阅头条,0.75
娱乐报社,0.75
糗事乐翻天,0.75
畅销小说,0.75
扒姐来了,0.7272727272727273
异能八卦局,0.7142857142857143
新氧,0.6818181818181818
cc书架,0.6666666666666666
idolife星生活,0.6666666666666666
国际时事爆料,0.6666666666666666
嘻哈乱爆,0.6666666666666666
迪丽热巴私号,0.6666666666666666
金融情报中心,0.6666666666666666
娱乐光阴,0.6666666666666666
人民聚焦网,0.6666666666666666
可爱萌宠物中心,0.6666666666666666
厅夜FM,0.6666666666666666
抱团劈情操,0.6666666666666666
政局内情,0.6666666666666666
时事开讲,0.6666666666666666
星时代在线,0.6666666666666666
深八深夜八卦,0.6666666666666666
美娱放大招,0.6666666666666666
脑洞发现,0.6666666666666666
菓色,0.6666666666666666
美美娱姐,0.6666666666666666
韩国社,0.6666666666666666
上品记,0.6666666666666666
揭黑幕,0.6666666666666666
小怪兽音乐世界,0.6666666666666666
反腐平台网,0.6666666666666666
卡酷游戏,0.6666666666666666
王俊俊凯,0.6666666666666666
爱上看剧,0.6666666666666666
特岗教师,0.6666666666666666
愚小九,0.6538461538461539
扒爷有料,0.625
今天你八卦了么,0.6086956521739131
科技犬,0.6
玩车小百科,0.6
零客脑研所,0.6
娱乐圈姑婆,0.6
论软件测试那些事,0.6
准时看一看,0.6
娱乐疯子,0.6
娱乐爆姐,0.5454545454545454
中外新局势,0.5
亲子必备,0.5
五常热点,0.5
鸣仁文创,0.5
韵达快递单号查询,0.5
聚焦奇闻趣事,0.5
万小刀,0.5
青果书城,0.5
中外历史档案,0.5
十万个未解之谜,0.5
美国一号通,0.5
锐见传媒,0.5
实话实説,0.5
常用快递查询,0.5
微重磅,0.5
影票贩子,0.5
律法帝国,0.5
最佳菜谱,0.5
读书号,0.5
法律读物,0.5
淮阳圈,0.5
赢政,0.5
有态度观察,0.5
泗县城市网,0.5
爱的恩典网,0.5
熊老六,0.5
看点奇葩,0.5
成长中国,0.5
微讯息,0.5
每日热点情报,0.5
槽值,0.5
民俗生活,0.5
深圳通二维码乘车,0.5
体外诊断网,0.5
军机战刊,0.5
军界锋刃,0.5
加拿大家园,0.5
野兽派娱乐,0.5
壹典资讯,0.5
女生服装搭配图片,0.5
打虎全记录,0.5
师妹来啦,0.5
寻知社,0.5
国内时政,0.5
卡嘴美食文化,0.5
娱乐一起说,0.5
姨太少女心,0.5
好姑娘光芒万丈,0.5
囯家机密,0.5
扒爷说,0.47058823529411764
十点捡书,0.42857142857142855
金牌的娱乐,0.4
庆化娱乐,0.4
治愈你的世界,0.4
野史揭秘者,0.4
八爪娱记,0.4
实话时説,0.4
三更讲鬼故事,0.3333333333333333
驴大师,0.3333333333333333
靓女故事,0.3333333333333333
反腐反贪局,0.3333333333333333
大呲花,0.3333333333333333
萝严肃,0.3333333333333333
粗暴八卦,0.3333333333333333
加一电影,0.3333333333333333
宇哥说军事,0.3333333333333333
德惠小镇,0.3333333333333333
深夜八卦,0.3333333333333333
人民栏目1,0.3333333333333333
全球流行风尚,0.3333333333333333
单身娱乐,0.3333333333333333
泗水同城,0.3333333333333333
汝州在线,0.3333333333333333
天天爆猛料,0.3333333333333333
国魂战豪,0.3333333333333333
龙门博客,0.3333333333333333
国政要闻网,0.3333333333333333
网红揭底,0.2857142857142857
圈教主,0.26666666666666666
好机友,0.25
娱记在线,0.25
金城江圈,0.25
如疾如风,0.23076923076923078
今日悉尼,0.2222222222222222
约偶像,0.2
第一书评馆,0.2
更美,0.16666666666666666
奇妙趣谈,0.16666666666666666
当时我就震惊了,0.16666666666666666
卑鄙露西儿,0.16666666666666666
深圳本地生活指南,0.08333333333333333
1018陕广新闻,
18183手机游戏网,
191农资人,
19楼,
1号时务局,
1号线上,
2018警示,
21世纪经济报道,
24楼影院,
360清理大师,
36氪,
37度女子学堂,
37度影视,
3号厅检票员工,
4A广告文案精选,
51VIP,
55GARDEN,
58同镇仙河站,
58货拉拉司机联盟,
5G智联车,
7维视点,
7维视角,
8090新思想,
81号码头,
85度C,
85度C微会员,
90后怪蜀黍,
930老友记,
987私家车广播,
999微大理,
9号直播间,
A360互驾代驾服务平台,
AAY书苑,
AA企初俱乐部,
AIUK生活,
AI小白投资,
AI报道,
ATM财富俱乐部,
AfriqueMonAfrique,
AnnieEasyFM,
Australia News,
A短视频,
A股论坛,
A股那些事,
A股需要赌术,
BOBO脱口秀,
BioWorld,
Buy遍全球1004,
B圈密探,
CBA实况,
CEO商业秘笈,
CEO智慧汇集圈,
CFAer,
CFO视野,
CIBN微视听,
CU检说法,
Civil Rights,
DUFE共享,
DonDiablo资讯,
DuDu小辣椒,
EAA飞机大全,
EV新视野,
EYEE蜂潮,
FCMGMPLAZA,
FC全球资讯,
FM1036福建新闻广播,
FM107太原交通广播,
FM875菏泽新闻广播,
FM936,
FM93交通之声,
FM的士之音,
FUN来了233,
Fashion王的生活馆,
FunTun方糖,
GIOT冠林物联网,
GLIMPSE魔眼,
GMP办公室,
GOGO攀枝花,
GeorgeJIANG,
G队友,
H2Migration移民留学,
HGP学习中心,
HOT男人,
HUGO,
Halo杭州,
HushPuppies暇步士,
INSIGHT视界,
IT高管会,
InsDaily,
Insight医药情报局,
Jenny乔,
LPL,
Lacan心理,
Lady美人日记,
LongboardDancing,
MC中文网,
MEET西安,
ME社,
MK时尚圈,
MOUTAI云商02,
Miu空明禅,
MoneyKing,
NBAToday,
NBA信息大爆炸,
NBA扣篮王,
NBA篮球爱好者,
NXTV都市阳光,
NZ吐槽君,
NewLeaper订阅号,
Nice乐享,
O2O商学院,
OFweek氢能,
OPEBET体育平台,
OPE法甲,
OZYOYO昆士兰bbs,
O乐范,
PPP知乎,
PR女王,
PingWest品玩,
Plum,
Police,
Rap说唱乐HipHop文化,
RetractionWatch,
ShanghaiHot,
ShengMi浪物杂志社,
Sir电影,
TAXI地带,
TF家族娱乐圈,
TF家族粉丝团,
TF每日资讯,
TF视频,
Tattoo轩,
Taxi地带,
Tendge美国恬净净水,
Tess外贸Club,
Tsubasa日本不动产,
UC浏览器,
USA资产配置,
VR全景传媒,
Vista看天下,
WEGZUDE留德圈,
WPS会员,
XCin,
YOU鱼,
YY名人堂,
YY娱乐精选,
YangFanJame,
Yohi有海,
Yuki的美妆手记,
Y阅,
ZHO共享纸巾广东站,
ZS尊尚娱乐,
ZhangZhouKaiFaQu,
bookface,
dang归网,
eatwithchina,
exo韩语教学,
e学堂,
gogoboi,
gta5手游正版,
if爱与美好,
i身边,
i金山,
kmustccgjxxmt,
lj刘军,
lnstagram优选,
maka电影,
rtmart千灯店,
superhealth,
u press,
vivo湖南,
w梧桐树,
xiaosiwoliao,
zYY娱乐头条,
一个,
一个看点,
一个言,
一个高情商的男人,
一刀斩,
一刻,
一句唯美签名,
一号女刊,
一号球王,
一星期一本书,
一条爆料,
一级建造师考试,
一线军评,
一线密谈,
一网一圈一天下,
一见财经,
一言,
一起拍电影,
一起推,
一起旅行,
一起朗读书院,
一起涨姿势,
一起神回复,
一路前行到尽头,
一零二四说点球事,
一颗土逗,
一首老歌缘,
丁咚,
丁香医生,
丁香园,
七彩亭书屋,
七星港,
万全广电,
万源消息网,
万物NOW,
万福禅院,
万能的大叔,
万能的布丁,
万能黑科技,
三井养身堂,
三军尖兵连,
三农坊,
三农大喇叭,
三农新政网,
三农补贴网,
三剑客,
三国街,
三峡晚报天天向上,
三年标签,
三江之门一兰坪,
三江房产网,
三江锅爆笑生活,
三湘风纪,
三甲新传媒,
三联生活周刊,
三蒸仙桃,
三言财经,
上帝和我们同在,
上杭广电,
上海全知道,
上海圈,
上海小O,
上海工地,
上海市长岛中学,
上海法治报,
上海美食,
上海自如客,
上蔡发布,
上蔡百科,
下花园生活圈,
不一样观点,
不二堂无锡,
不二大叔,
不异客,
不是诗人的舒婷,
不理想生活,
不科学酱,
不羁之风,
不能不知道A,
丑闻纵晓,
专业电影公会,
专利分析与布局,
专片,
世外家园,
世界之声,
世界内幕消息,
世界华人观察,
世界播,
世界电影大全,
世界社会主义研究,
世界趣史,
世纪正能量,
世纪要闻,
世纪观察,
世觉刊,
东七门,
东东和西西,
东八区区花,
东兰身边事,
东凤关注,
东北参阅,
东北娘们,
东北小可乐,
东北搞笑,
东北维小保,
东华商务金融,
东南早报,
东台论坛,
东方之心,
东方凛,
东方外参,
东方文弈,
东方热点快讯,
东方热线,
东莞大喇叭,
东营区共青团,
东营大事件,
东营导报,
东营无线联盟,
东门时空,
东霸邻友圈,
两英人,
两轮的自由之旅,
丧威志,
丫片,
中l国l家庭教会,
中产必读,
中介胜经,
中介说,
中加国际出国服务中心,
中医养生,
中医思维十,
中华元智库,
中华工商时报,
中原文化坊,
中国人,
中国企业家杂志,
中国半导体论坛,
中国历史,
中国历史网,
中国反传网,
中国反传销总控,
中国反邪教,
中国国家历史,
中国好文章,
中国工业报,
中国巴林右旗,
中国律师商学院,
中国微祁阳,
中国房地产商会,
中国摇滚乐手,
中国政府网,
中国新闻周刊,
中国梦,
中国消费者,
中国电影评论学会,
中国经济学人,
中国经济网,
中国经营报,
中国绿发会,
中国联通微厅,
中国舟山普陀,
中国铁路,
中国青年报,
中国高安,
中外正史大揭秘,
中央纪委国家监委网站,
中宏保险,
中山网,
中捷新鲜事,
中推针灸研究院,
中江爆料,
中法舆论,
中海油销售惠州公司,
中瑞剧坊一三坊七巷,
中界网,
中穆文化,
中美学者智库,
中美精英俱乐部,
中老年大讲堂,
中老年家园,
中老年心声,
中质咨询,
中铁人杰水岸小区,
中阳钢铁,
丰县视频网,
丰县论坛,
丰宁在线,
丰巢快递,
丰晟娱乐资讯,
丰泽交警微发布,
丰都之窗,
丰顺论坛,
临朐新闻,
临汾365网,
临汾智能教育云平台,
临汾百姓网,
临沂市本地生活指南,
临泉说事,
临海发布,
临淄公社论坛,
临漳老乡情,
临猗通,
丹东娃,
丹东警事,
丹妮海格,
为你写一个故事,
为国英雄,
主力资金,
主恩满满爱的家园,
主播指南,
主流声音,
主流视界,
主耶稣,
主耶稣丨,
丽家宝贝,
丽水在线,
丽水环保,
义乌十八腔,
义乌国际批发市场,
义县生活,
乌有之乡思想,
乌鲁木齐网警巡查执法,
乌鸦上尉,
乐乎书院,
乐享族,
乐摇摇II区,
乐播运城,
乐收,
乐活IN潮州,
乐活在指尖,
乐活大同,
乐活蒙城加拿大蒙特利尔,
乐淘周末,
乐清上班族网,
乐清公安,
乐聚肇庆,
乐至同城网,
乐至在线,
乐都在线,
乐陵庆云杂谈,
乐陵统一战线,
乐鱼心灵解忧,
九三军事,
九九集团,
九台微世界,
九城故事,
九师fm945,
九点四刻,
九点防务,
九零后声音,
九龙军事,
乡村专栏,
乡村振兴战略建设研究院,
乡村规划局,
乡村视野,
书单,
书缘,
买卖宝,
乱花迷眼,
了凡四训,
事业日刊,
事件大收罗,
事实军解,
事实周刊网,
事实聚焦,
二三的瓜地,
二层楼灵异事件,
二更,
二次开发焦点评论,
于小戈,
云卡智联,
云图集团,
云城市,
云媒忻州,
云悦之读,
云泊天兮,
云浮聚焦,
云网盘免费电影资源,
云航关务咨询,
云锦美地友邻会,
云门山泉,
云阳老乡情,
云霄书阁,
互撸恐怖故事,
互联杂谈13,
互联网思维,
互联网数字圈,
互联网金融投资领域,
互金中心,
互金实盘,
互金每日早知道,
互金每日预警,
互金要闻,
五华信息网,
五华在线,
五星体育,
五星反腐,
五河人,
五邑衣食住行,
五里园,
亚洲内容,
亚洲军魂,
亚洲政商,
亚洲新视野,
亚运城生活号,
京东金融,
京讯网,
亮点传媒,
亲子教育专家,
亲子派,
亳州在线官网,
人人影视,
人傻钱多,
人力葵花,
人和书法,
人在农村,
人文历史揭密,
人文新化,
人民书摘,
人民军政,
人民分红一卡通,
人民前沿,
人民大视野,
人民政坛,
人民新报料,
人民日报,
人民深度观察,
人民生活事,
人民的民意,
人民监察,
人民第一解读,
人民精英,
人民网,
人民观察社,
人甲,
人血馒头,
仁怀老乡会,
今夜九零后,
今夜农村,
今日三甲,
今日上海热点,
今日务川,
今日国内要闻,
今日墨尔本,
今日大北京,
今日实事,
今日平说,
今日揭西,
今日教育传媒,
今日新筠连,
今日新视频,
今日昆士兰,
今日昌乐,
今日望江,
今日歙县,
今日法言,
今日清丰,
今日热点推送,
今日益阳,
今日看大同,
今日离石,
今日紫金,
今日评说论坛,
今日话题,
今日诸城,
今日通州,
今日阳谷在线,
今日靖江,
今日黟县,
今日龙乡,
今晚新闻版块,
今晚看大庆,
今西安,
仕途智慧,
他山之土,
仗义Y执言,
付春兵频道,
仙游那些事,
令人战栗的腥闻,
令人战栗的腥闻唯一号,
令人震惊的报道,
令狐挽报,
以史为天,
以小窥大,
仪陇新闻网,
仪陇身边事,
仲巴县发布,
任丘生活圈,
任易,
企业家成功论坛,
企业家指路明灯,
企业智慧前哨,
企业管理,
企业管理摩商汇,
企业管理首选课堂,
企业资本俱乐部,
企业资讯正能量,
企退之声,
企韬伟略破局之道,
伊春信息港,
伏猪金刚,
众安莱团,
众衡思维,
优慧,
优秀男人会说话,
会宁县顺风车第一平台,
会宁微相册,
会昌网景,
会计说,
伟人勘察,
伟人古迹,
伟人篆记,
传奇军魂,
传承军魂,
传承宝库,
传星联盟,
传颂正能量,
伯乐的马,
伴书童,
伴月读书,
伴读优品,
低调姐,
住在衡阳服务号,
体育学评论,
体育室,
体育屋,
体育说世界,
余先生说,
余姚新闻网,
余干公安交警,
佛和禅,
佛学与智慧,
佛山妈妈圈,
佛山新闻网,
佛山日报,
佛州华人互动网,
佛州百事通,
佛教经典故事,
佛说佛语,
作家云从龙,
你的月亮我的轲,
你约电影,
佳人,
佳县微事,
侃中国,
侃国魂,
侃时事,
侠客岛,
侬好上海,
俄罗斯苏联侵华史与国际关系,
俏厨娘,
俏夫人秘籍,
保定新生活,
保定日报社楼市资讯,
保智库,
保民传媒网,
保险在线,
保险每日报摘,
保靖公安,
信宜玉都风情,
信贷,
信靠上帝,
俪人公馆,
修水在线,
倾我们所能去生活,
偃师榜,
假装在纽约,
停车网,
健康临安,
健康叮叮当,
健康天福,
健康文化在线,
健康方舟,
健康龙岗,
健研申讯,
健身,
健身中国,
健身大讲堂,
健身头条,
健身训练营,
偶俚张家港,
傅氏大家族,
傅首尔,
催眠师聂飞,
儿童记忆力,
元知共读,
元素财经,
先生手账,
先花一亿元,
光伏名人堂,
光山县人民医院,
光山县阳光村务,
光明日报,
克旗生活吧,
免费影视动漫,
免费影视王国,
兔子的爱心,
兔子论坛,
全国征信查询,
全国总工会,
全景南阳,
全景西塞,
全椒热点资讯,
全球健身指南,
全球军事焦点,
全球军魂,
全球博弈,
全球博文,
全球商业趋势,
全球局势,
全球局势战略纵横,
全球局势战略观察,
全球局势报道,
全球怪事趣闻,
全球情报社,
全球揭谜,
全球时政热点,
全球未解之谜,
全球潮汕,
全球烘焙名厨,
全球热点I,
全球热点要参,
全球热门事件,
全球热闻事件,
全球福音之家,
全球精英观察,
全球老板圈子,
全球谜案实录,
全球都震惊了,
全球钓鱼策略,
全球顶尖企业管理,
全球顶尖管理思维,
全网主播八卦,
全网最关注,
全网特大事件,
全网红人,
八公桥镇刘堌堆村,
八卦先生,
八卦公社,
八卦娱乐豆子,
八卦研究中心,
八卦聚焦,
八尺镜,
八景影像,
八点半娱乐,
八点娱乐社,
八点来读,
八百理,
公主岭帮,
公交人,
公众漯河,
公务员交流群,
公务员高参,
公司首席法务官,
公大那点事儿,
公民文摘,
公眼观察,
公路商店,
公路铁路中标快讯,
六品锦衣卫,
六盘水市人民政府网,
六神磊磊读金庸,
兰坪警方,
兰曦义诊队,
兰溪书海,
兰花泪,
共享经济先锋,
共同关心,
共青团中央,
共青团镇安县委,
关关戏语,
关务发布,
关埠小镇,
关注人民实事,
关注信宜,
关注南通,
关注平定,
关注泗阳,
关注潮州,
关注荷花,
兴义微报,
兴义微生活圈,
兴国将军网,
兴宁生活圈,
兴宁论坛,
兴梅说天下,
兴汉运动,
兵哥看军事,
养猪网,
养羊指南,
养老金查询中心,
养身健康大师,
养身百科V,
养鸡网,
内乡人,
内涵社,
内蒙古亚新隆顺特钢有限公司,
内蒙古电力鄂尔多斯电业局,
内蒙古纪委监委,
军临部落,
军事博奕,
军事揭秘,
军叨叨,
军命,
军威报国,
军密七处,
军工圈,
军政文化,
军梦之恋,
军榜,
军武夜谈,
军武大本营,
军武打击,
军武报国心,
军武新榜,
军武次位面,
军武热闻,
军武瞭望,
军武要闻网,
军武见闻,
军武酷,
军民热闻,
军民焦点网,
军转在线,
军转安置,
军迷交流群,
军际知晓,
军魂洞察,
军魂要文,
农合方略,
农安同城,
农村人说农村,
农村创业者联盟,
农村医保,
农村婆媳,
农村牛人,
农村补贴网,
农村资讯台,
农牧信息网,
冠县新鲜事,
冠县资讯,
冬姐指南 “惠”游天下,
冯大人的私房菜,
冯站长之家,
冰城丘比特,
冷丫,
冷丫影视,
冷热军事史,
冷笑话合集,
冷笑话精选,
凉山之窗,
凌宇澳洲移民,
凛然资讯,
凤冈百姓网,
凤凰WEEKLY,
凤凰一周刊,
凤凰东方传媒,
凤凰东方财经,
凤凰天使TSKS韩剧社,
凤凰星闻,
凤凰网,
凤凰网视频,
凤凰网财经,
凿书,
分享物联趋势,
分享经济创业最前沿,
分享经济物联网2020,
切茄且郄,
刑事法律圈,
刑辩研习社,
刘轩豪完整版,
创业,
创业头版,
创业岛微平台,
创业灵感资讯,
创业精英汇,
创业财经汇,
创业邦,
创哥学院,
创意社,
创意科技元素,
创新思维中心,
创新社,
初中生家长,
利来文化,
利箭在行动,
剁椒电影,
前沿曝料,
前沿直击,
前沿解读,
前线追击,
剑圣喵大师,
剑戟如梦,
剥洋葱people,
剪秋水,
力哥理财,
加入BOSS圈,
加入顶级俱乐部,
加国微生活,
加国无忧,
加拿大中文报,
加拿大和美国必读,
加拿大约克论坛,
加拿大蒙特利尔蒙城汇网,
动态内参,
动态相册,
动感101,
动漫事,
动物脓场,
动静贵州,
励志寓言,
励志有位青年,
励志班,
励志语录,
劲爆藤州,
劳务说,
勉励共行,
包头新闻网,
包头日报,
化隆组织,
北京丁海洋律师,
北京主场,
北京交通广播,
北京作家编剧肥猪满圈老李,
北京全攻略,
北京周口店金祖山景区,
北京城的爷,
北京大妈有话说,
北京崇文,
北京早知道,
北京本地宝,
北京电台RBC,
北京脱口秀俱乐部,
北京茶吧君,
北京青年报,
北加州全美万通GreatDeals,
北山浮生谈古论今,
北平网,
北斗局,
北方网,
北松视角,
北极星电力网,
北流人家,
北流检察,
北海政法,
北海百事通,
北美华人e网,
北美华人之声,
北美生活动态,
北美留学生日报,
北美省钱快报,
北青深一度,
北风一号,
匠心公考,
匠心热事,
区块链通证社区33点,
医学之声,
医学界,
医师库,
医易同修偏方针灸食疗大全,
医殇,
医疗人咖啡,
医程通,
医纺圈,
医美君,
医美圈,
医药E终端,
医药传闻,
十堰交通音乐广播,
十朝战略,
十点听阅,
十点种草,
十点闲聊,
十点风云,
千岛居士,
千聊健康,
午休读史,
午夜心情FM,
半仙幺幺,
半导体行业联盟,
半岛都市报,
半月谈,
华东环境前线,
华人在欧美,
华人在纽约,
华人政治,
华人洞见,
华人热闻,
华人生活网,
华人瞰世界,
华佗手卷,
华南战报,
华商经济内参,
华商经济网,
华工网,
华文精选,
华林酸碱平技术,
华管家,
华视商丘,
华闻之声,
华闻资讯,
华阳那些事儿,
卓越健康产品咨询服务,
卓越早教网,
单书,
单县村村通,
单反入门知识摄影技巧数码拍客控,
南丰圈资讯,
南京攻略,
南京百晓生,
南充安汉网,
南充消息网,
南充福彩搞刨了,
南县发布,
南友圈,
南国今报,
南国早报,
南塘大小事,
南宁出入境,
南宁圈,
南宁校园派,
南宁生活圈,
南宁生活美食圈,
南安家乡群,
南宫圈,
南宫直播,
南康老乡情,
南方周末,
南方都市报,
南昌新闻,
南村生活圈,
南江老乡聚乐部,
南沙公社网,
南海普法,
南溪发布,
南粤玩乐,
南通人,
南通论坛,
南都全娱乐,
南阳影响力,
南阳微爆料,
南靖微爆料,
博主爱八卦,
博士学者圈子,
博望印象,
博白大事件,
博野快讯,
博链财经,
博鳌讲坛,
占豪,
卡嘴军事,
卡嘴美食世界,
卡团,
卡带寺,
卡车之家,
卢泓言,
卢龙公安,
卧龙生探盘,
卫国一兵,
卫报中文网,
印象时光传媒,
印象澜沧,
即墨信息港,
厂溪生活圈,
历史,
历史君,
历史并未走远,
历史微时刻,
历史档案屋,
历史档案讲读,
历史真有意思,
历史真相,
历史聚焦网,
历史袁老师,
历史震惊你,
历史风暴,
压死骆驼2,
厚大法秀,
厚德船营,
原平快讯,
原阳同城网,
厦漳泉套路集,
厦门地铁圈,
厦门心服务,
厦门晚报,
去运动,
参考消息,
参谋参谋,
友金酷服务,
双城人老乡群,
双滦公安,
双鸭山在线,
反传精英,
反传联合,
反传联盟,
反传防骗快讯,
反传防骗联盟,
反腐倡廉智库,
反腐内情,
反腐利刃,
反腐参阅,
反腐大事,
反腐大纲,
反腐实拍,
反腐廉政,
反腐扫黑网,
反腐检举网,
反腐焦点,
反腐监查,
反腐纲要,
反腐风云,
发展沧州,
发现澳洲,
发生在身边的故事,
取信于人,
变美科学研究所,
叙州生活网,
口袋书屋,
口袋山西,
口袋爸爸,
口袋零钱,
古影清风,
古書匠新號,
古田发布,
古静书院,
古韵霍州,
古风清影,
另类拍,
只是有料,
叫我九公子,
叮人的牛虻,
叮叮影视,
台州19楼,
台州停车,
台州晚报,
台州本地生活指南,
台州透明售房网,
台湖生活网,
台湾论谈,
史迷思002,
史遗,
右江论坛,
叶县圈儿,
叶檀财经,
号外APP,
吃喝泰州,
吃喝玩乐in山东,
吃喝玩乐在宽甸,
吃喝玩乐在重庆,
吃瓜星球,
吃瓜群众岱,
吃瓜群众看段子,
合房搜屋,
合水圈子VIP,
合肥地铁,
合肥微楼市,
合肥房地产交易网,
合肥生活君,
合肥生活通 ,
吉和网,
吉安电信,
吉林发布,
吉林娱乐,
吉林的事,
吉视守望都市,
同在一条船上,
同城反传联盟,
同城洪雅,
同煤人家,
同茂顺医药健康,
同车时代,
同频泛零售,
同龄人的小屋,
名城淮安网,
后沙,
吐槽榜姐,
吕梁发布,
吕梁在线,
吕梁新鲜事,
君子会友,
君说天下,
听一曲动听好歌,
听石首,
听经典老歌曲,
启东生活通,
启宏文化传媒,
吴川人,
吴川市长途客运专线,
吴川爆料,
吴川租车网,
吴忠微向导,
吴言乱语,
吴话不谈,
吴革律师,
吴鹏飞手机报,
吾志青年,
吾爱全球签证中心,
吾爱航运网,
吾盟君,
呐喊吧知青,
呐喊的话事人,
呢喃幺幺八,
周冲的影像声色,
周刊君,
周易先生,
周至老碗会,
味娱,
呼伦贝尔同城,
呼和浩特晚报,
呼声网,
和乐数学,
和美尚湖,
和美龙溪,
和谐高铁之声,
咩咩文摘,
咱们广西人,
咸宁网,
咸鱼颜究所,
品书男人,
品察天下,
品茶闲识,
品读A,
品读拾光,
哈佛参考,
哈尔滨战极MMA综合格斗训练馆,
哨兵,
哲学人生网,
唇唇欲动,
唐山环保微发布,
唐山直播50分,
唐山那些事儿,
唧唧堂,
唯一娱乐,
唯阅会,
唱经典怀旧歌,
商丘动态,
商丘日报,
商丘老乡汇,
商丘辣妈帮,
商丘那些事,
商业MBA,
商业人物,
商业地产内参,
商业学府,
商业思维在线报名,
商业明略,
商业资本,
商业资本韬略,
商业顶层模式,
商企内讯,
商企核心,
商城县电视台,
商学管理学府,
商报朔州在线,
商标快注,
商河老乡群,
商洛孝歌网,
商洛新闻,
喵眼观天下,
嗯哈娱乐圈,
嘉兴19楼,
嘉兴人论坛,
嘉兴全接触,
嘉圆海外IVF,
嘉海咨询,
嘎嘣娱乐圈,
嘿星期八,
噶门口,
囚徒健身,
四会家园,
四会老乡群,
四季牛仔,
四川旅行游,
四川活动,
四川老乡群一,
四海瞭望,
因为行情,
团风网,
团风网格,
囯人快讯,
囯际观察,
围场范儿,
固原大城小事,
固始在线,
固始微传媒,
国之翠,
国事拾遗,
国人关注网,
国人军武,
国人评读,
国人都在看,
国学堂,
国学才智,
国学文化,
国学文化优选,
国学文院,
国学新思,
国学时讯,
国学艺术,
国学选刊,
国学静夜听FM,
国安传媒票务,
国安是冠军,
国家信访局,
国政时评,
国政论谈,
国政黑幕1,
国武利刃,
国武新视界,
国武热闻圈,
国民共识,
国民历史网,
国民参考,
国民第一阅读,
国民解读,
国民阅读网,
国科环宇,
国粹,
国色天香,
国闻参考,
国防周刊,
国际i要闻,
国际博弈论,
国际参阅,
国际投行研究报告,
国际政谈,
国际时事网,
国际时势,
国际秘闻圈,
国际要参,
国魂1949,
国魂事,
国魂利刃,
国魂参考,
图文快印及广告,
图说三秦,
圆小兔,
圆梦东北,
圆通快递单号查询,
圈内密探,
圈内老鬼,
圈圈叉叉72式,
圈圈君,
圈圈说娱,
圈婊哥,
圈宁波,
圈少说,
圈阅,
圣经学习,
圣经家园,
圣谛,
在商洛,
在城南,
在宜兴,
在家学风水,
在汤阴,
在河池放牛,
地产战略家,
地产日刊,
地产论坛,
地产那些事儿,
地球人传媒,
地球爆料,
地窖十四行诗,
均若水,
型男中心,
埃德蒙顿乐生活,
城口老家群,
城市信报,
城市日历,
城市零距离,
城报,
城院贴吧,
培根不是肉,
基层医师公社,
基层狱务,
墙外那些事儿,
墙艺术,
增城家园网,
墨尔本微生活,
墨尔本生活资讯,
墨神,
墨钜经济研判,
士读,
壹处坑,
壹微刊,
壹点感悟,
壹线军刊,
壹线政坛,
壹线知晓,
壹读,
夏朝之音,
夏津老乡会,
外汇110网官网,
多伦多华人资讯,
多伦多生活,
多伦多西区那些事儿,
多玩手游中心,
多玩联盟资讯,
夜下女人情,
夜悦阅,
夜情静听,
夜独,
夜色起风了,
夜莺,
夜读,
夜遇小妮子,
大丰之声,
大丰热线,
大丰红色驿站,
大乐透超级爆料,
大事焦点,
大事观察,
大亚湾在线,
大众日报,
大佬动向,
大俊书城,
大信阳,
大八怪,
大军鹰,
大力传媒,
大势中国,
大北京,
大医凌然,
大午集团,
大厂帮帮网,
大参考,
大叔时评,
大司机,
大同热线,
大名县信息港,
大名同城,
大哥大,
大唐克旗煤制天然气公司,
大唐房屋,
大囯风采,
大国专栏,
大国博弈,
大国参谋,
大国大势,
大国报道,
大国政界,
大国时局,
大国时政要闻,
大国春秋,
大国洞舰,
大国策,
大国精髓,
大国股权,
大国风云录,
大国魂,
大城服务,
大埔发布,
大大种草菌,
大天津圈,
大学生时光,
大宜宾,
大家,
大家都很2,
大巨野,
大师教你单反摄影,
大庆微媒,
大庆微导航,
大方发布,
大旺论坛,
大木微新闻,
大概率投资汇,
大汉中,
大汉之鹰,
大江东先锋,
大江东群团汇,
大沂水,
大沈丘,
大河之北谓之阳,
大河信阳,
大河报,
大河网,
大泽之声,
大浪淘沙,
大海托起了浪花,
大湾区看房,
大理微新闻,
大瑞典,
大瑞昌,
大睢网平台,
大秦直道,
大秦腔戏台,
大章娱,
大笑三生,
大米和小米,
大粤房产中山站,
大织里社区,
大绥中,
大缅甸,
大美奎洋,
大美小宋,
大美甘肃,
大脑银行总裁商业思维,
大西胪,
大观新闻,
大话人生,
大话电影,
大象公会,
大资管时代3000,
大車橋,
大软微游,
大连万达影城,
大连大料网,
大连新资讯,
大连普湾网,
大镇雄,
大长泰,
大陆内幕,
大鹰,
天下军讯,
天下归德,
天下时事秘闻,
天下有戏,
天下杨家人,
天下热点追踪,
天下看热点,
天下网吧,
天下莆医,
天下蕪骗,
天下讲堂,
天下说法,
天下趣闻,
天台街头镇,
天天快报,
天天报猪价,
天天新,
天天智慧,
天天热报,
天天热点报道,
天天看余杭,
天天网Dailynet,
天天逆战,
天总会亮,
天朝趣史,
天水生活事,
天津中新乐融榕控销事业部,
天津广播,
天津本地宝,
天浩国际群众养龟平台,
天涯处处是神州,
天涯无处不神州,
天涯连线,
天然气智库,
天燕互娱,
天狐观点,
天盗小说,
天祥菩提精舍,
天穗法律咨询服务,
天门社区网,
天际社交,
天鹰搞笑时刻,
太保绩优,
太原巴士网,
太平微资讯,
太阳照常升起,
夫妻群,
央七食尚大转盘,
央广新闻,
央影传媒,
央视新闻,
央视财经,
头条新闻,
奇偶工作室,
奇技野奢,
奇正咨询,
奇葩文摘,
奇迹创富系统,
奇难集证,
奋斗在西班牙,
奋语,
契丹,
女人得学聊天,
女神修炼指南,
女神娱乐,
女青年Online,
奴兮小姐,
奶油分享,
奶粉智库,
她刊,
好买商学院,
好事在附近,
好军事,
好医生网,
好声量,
好奇博士,
好物精选在身边,
好玩中国,
好运相册,
好近in北京,
如何健康生活,
如松,
如果爱two就真爱,
妈妈早餐宝典,
妖股金K天天打板,
妙诱,
妙趣挡不住,
姐有料,
姑苏台,
威派夜听,
威海圈儿,
威远零距离,
娄底人,
娇区,
娱乐侃天下,
娱乐八卦新鲜事,
娱乐圈吃瓜君,
娱乐圈娱爷,
娱乐圈的趣事,
娱乐圈蜀黍,
娱乐大扒卦,
娱乐好故事,
娱乐小妞,
娱乐小蕊,
娱乐扒姬,
娱乐拆穿姐,
娱乐故事周,
娱乐每天读,
娱乐潮八卦,
娱乐爆料咖,
娱乐爆料大神,
娱乐爆有料,
娱乐百分百,
娱乐知情人士,
娱乐硬糖,
娱乐纨,
娱乐资本论,
娱八爷说,
娱司令,
娱圈扒哥,
娱委文,
娱记说,
娱评专员小白,
婚姻爱情录,
媒律圈,
媚腿show,
嬷嬷公子,
子非鱼说劳动法,
孝义微事通,
孝感通,
孟州那些事,
学习型平台,
学习小组,
学习时报,
学术星球,
学术派,
学点养身保养,
学点厚黑学,
学生安全教育平台,
宁夏事儿,
宁夏早8点,
宁夏街头巷尾,
宁晋圈,
宁波有料,
宁波移动,
宁波税务,
宁海深甽,
宁远论坛发布,
宅腐资源站,
守仁书院,
安全小妹,
安家城东,
安岳,
安岳佰事通,
安德力丨泰兴头条,
安德门128号,
安徽交通广播,
安徽新消费,
安心书府,
安新在线,
安新容城在线,
安新梦,
安智环球,
安溪社,
安达城事,
安阳交通广播,
安阳信息网生活圈,
安阳本地生活指南,
安雅说说,
安静,
宗城的小黑屋,
宗教观察,
定兴在线,
定州论坛,
定边之声,
定陶事儿,
定陶老乡总群,
宜兴港华燃气,
宜宾移动微厅,
宜州老乡情,
宜章老乡群,
宝华楼市,
宝妈创业坊,
实战财经,
实拍360,
实拍大热点,
实时政治,
实用百科知识,
实用社会行为学研究,
实說大实话,
实话实説小崔,
实话实説老崔,
实话实说小崔,
实话实说老崔,
实话虚说,
宠物交流站,
客家圈,
客家搜,
宣城在线,
宣威百事通,
家乡在云南,
家乡在贵池,
家在彬州,
家在潮汕,
家在献县,
家在砚山,
家在长清,
家居资讯,
家庭婚姻风水大全,
家族文化流传史,
家校协同教育,
家电人,
家语妈妈故事屋,
家长互联,
家长口袋,
家长备忘录,
宾县老乡群,
宾川交流群,
宾阳傻甘微友圈,
宿州掌上生活,
宿松老乡,
宿松论坛,
宿迁移动,
宿迁论坛,
富人小镇,
富兰克林读书俱乐部,
富力伯爵山,
富源老乡,
富爸爸穷爸爸,
富聚云巅,
富阳电视台,
寒江大叔,
寒鸦文化,
察网,
对话老板思维,
寺院之家,
寿光网,
寿险天地,
封丘那人,
封开要闻,
将军山,
小V智能家庭安全网关,
小七说八卦,
小世相,
小乖娱乐资讯,
小众文摘,
小倩密语,
小兵说天下,
小原子生活,
小品搞笑全集,
小城讲大事,
小奇女子喜鹊2,
小姐姐热文,
小姐姐爱爆料,
小姨子的秘密,
小学名著,
小小杨麻麻,
小尼姑瞎操心02,
小崔情报站,
小崔每日说事儿,
小崔爆料,
小崔説事,
小崔评实事,
小崔说事,
小崔谈天下,
小平岛凯尔富物业,
小强实验室汽车查询,
小强蜀熟,
小悠影视资源,
小杜谈全球真实灵异事件,
小果哥哥,
小柚子童书,
小沫美学,
小熙爷,
小狼瞎聊,
小白视频云,
小白说娱,
小碑电影汇,
小糊涂,
小股民俱乐部,
小芳说情感,
小警之家,
小趣馆,
小逻辑,
小道八卦,
小道见闻,
小邮快跑,
小银角大王,
小雪音影乐园,
小青看电视,
小马哥说电影,
小鱼网,
少儿财商教育,
尚义之窗,
尸人,
尼泊尔旅行,
尿在红尘里,
局势环球,
局势要闻,
局座军事,
居桂林,
屈鑫,
屌丝八卦,
展翅高飞,
山东商报,
山东微视点,
山东杂谈,
山东潘先生,
山东潮事儿,
山东电视综艺频道,
山东省学生联合会,
山东省纪委监委网站,
山东高速交警一支队,
山歌对唱音乐台,
山水网,
山西交警权威发布,
山西扶贫,
山西老乡俱乐部,
山西身边事,
岐伯有道,
岑溪同城,
岑溪同城生活,
岑溪微生活网,
岑溪晚八点,
岛城之声,
岩松读书,
岳阳不周,
峰峰侠陪你,
峰趣娱,
崇阳热线,
川大研究生,
川报雅安,
川普推文,
川道,
巢湖论坛,
巢湖阳光论坛,
工程施工技术,
工程机械第一线,
左权人儿,
巧哥有话讲,
巨型萝莉,
巨星小说,
巨野信息港,
巨野县太平镇人民政府,
巴中民事,
巴士信息,
巴彦县大小事,
巴德士集团,
巴陵夜谭,
巴黎疯人院,
币圈的良心,
币圈雷锋,
市场营销案例分析,
布吉阳光花园,
师道知识订阅号,
帝冠嘉融,
带笔行走,
常公子,
常德张源,
常念阿彌陀佛,
平乡人,
平凉易攻略,
平凡的企业家,
平安三门峡,
平安嵩县,
平安怀集网,
平安西湖,
平安邯郸,
平川在线,
平民新世界,
平民新视界3,
平潭城市频道,
平谷人话平谷,
平谷圈,
平谷那些事,
平遥警事,
平邑电视台,
平阴圈子,
平顶山生活君,
并不擅长圈粉的铁任,
并州之剑龙城110,
幸福华儒,
幸福在浙里,
幸福家园,
幸福的活,
幸福谈,
幸运老人,
幼师,
幼教交流,
幽默与笑话集锦,
广东专插本英语,
广东共青团,
广东卫生信息,
广东最生活,
广东消防,
广东潮事儿,
广医附一院,
广南华夏影城,
广南老乡群,
广学课堂,
广安早知道,
广州中学生大本营,
广州公安,
广州兼任广州招聘,
广州助孕服务中心,
广州印象,
广州反邪,
广州吃喝玩乐全攻略,
广州吃喝玩乐蒲,
广州妈妈网,
广州揾食攻略,
广州校园,
广州沙河服装壹號,
广州道盛,
广汽丰田,
广西三农在线,
广西宝,
广西日报,
广角热点,
庄浪微总,
庆城交流群,
庆阳圈子,
庆阳微平台,
庆阳热门事儿,
庆阳街头巷尾,
库里记,
店子网,
废铜之家,
廉政法制内参,
廉政空间,
廉江都市频道,
廊坊北三县微生活,
廊坊在线,
廊坊开发区堤口村,
廊坊生活圈,
廊坊社区便民服务站,
廖保平之思想国,
延津建业,
建哥有话,
建筑业那点事儿,
建筑工人联盟,
建赖马,
开平部落网,
开心大全,
开心大本营,
开心新生活,
开心片刻在深圳,
开心立体相册,
开心第一条,
开撩,
开眼视点,
弋阳政协,
弘化社,
张北网张北县,
张大春观念治疗免费学习平台,
张家口一点通,
张家口供热之友,
张家港交警,
张家界之窗,
张弦哥,
张欲水,
张鸣,
强国梦,
强子说体育,
当当网,
当日新鲜事,
当时我就惊呆了,
彩虹之夏,
彬彬有理,
彭水在线网,
影像平潭,
影像文学,
影子羽毛球,
影视怪蜀黍,
影视文件夹,
影视窗,
影视聚幕,
影记,
影迷嗨嗨,
影迷荟,
往史飘零,
征战不休,
律动达人,
律法小兵,
律法新声,
律法速递,
律芽,
律草堂,
律诚人力就业服务,
律道评案,
徐州生活君,
徐州臧启玉律师,
徐某人有话要说,
徐沟微生活,
徐雪芬律师,
微一险,
微兴化生活网,
微南安,
微南宫,
微四川网,
微在Wezeit,
微坂面,
微大关,
微大学,
微好书,
微客VIP,
微富平,
微小榄,
微山湖人,
微工荟,
微左营,
微悉尼,
微情感吧,
微整形之家,
微新洲,
微校园,
微沽源,
微法视听,
微泗洪,
微淘昆山花桥,
微温州,
微湖头,
微滨州无为论坛,
微澜沧,
微秒,
微笑静宁,
微绍兴,
微聚网,
微苍梧,
微蒲城,
微蓬莱,
微观峰峰,
微观通化,
微语简报,
微赚ing,
微路况,
微鄱阳传媒,
微阜阳,
微集分,
微鸡西网,
微黔江,
德国优才计划,
德国优才计划优选,
德国足球甲级联赛,
德州之声,
德庆在线,
德庆视窗,
德惠同城会,
德林社,
德科地产频道,
德阳吧儿,
德阳晚报,
心之助,
心仪故事,
心情大课堂,
心曹县,
心灵之蝶,
心灵知晓,
心灵老歌动听,
心灵花语,
心灵面包,
心环卫,
心理严选,
心理公开课,
心理咨询师曹晖博士,
心理學,
志桐道合,
忘却鱼鳞,
忧伤的P哥,
快乐1062,
快手,
忻州城市在线,
怀旧歌曲100首,
怀远老乡,
怀集人网,
怀集超市,
思冷特,
思弈轩,
思想之美,
思想伴读,
思想大视野,
思想报,
思想新知,
思想聚焦,
急林讯,
性I姿I势,
总编辑茶馆,
总裁商业思维,
总裁商学府,
总裁智囊,
恋上精典情歌,
恋恋起床了,
恒大未赢够,
恩平法院,
恩平老乡群,
息县阳光村务,
恶搞一句话,
恶搞配音,
恶魔奶爸Sam,
悉尼印象,
悉尼宝贝,
悉尼小红帽,
悉尼派,
悉尼生活资讯,
悠悠娱乐圈,
悠莲雅筑,
悠闲时光,
悦书悦会,
悦分享时代,
悦宝园教育,
悦平台最新资讯,
悦耳怀旧老歌,
悦读,
悦读文摘,
您懂的,
悬疑之谜,
情商学府,
情归旅途,
情感不夜城o,
情感专家汇,
情至祝福,
情话帮,
情谊下,
惊奇秘宻,
惠东佰事通,
惠信聚利,
惠安百姓网,
惠州SHOW8BAR,
惠州买房帮,
惠州全接触,
惠来县乡村网,
惠民宝,
惠湾房产资讯所,
意大利大全,
意见领袖,
意静科技,
感恩祝福相伴,
慈善江湖,
慢成长,
慧云书屋,
憨语,
懂点心计学,
懂点情商智慧学,
懒熊体育,
戎评,
戏说影视,
成人书馆,
成府路口南Plus,
成道总裁塾,
成都向上UPchengdu,
成都热门,
成长路上好爸妈,
我们爱恶搞,
我们电厂人,
我们的东莞,
我们的大耒阳,
我们的安徽,
我们的怀集,
我们的阳原,
我们的黔江,
我们都是监察官,
我们都是邵东人,
我和聊城,
我哭你笑,
我实在是太CJ了,
我是威信人,
我是李家人,
我是杏叔,
我是梅州人,
我是纽约君,
我是行动者,
我本罪臣Criminal,
我爱大佛山,
我爱当涂,
我的朋友小号君,
我的老伴,
我的老板是网红,
我要WhatYouNeed,
我走路带风,
战争史,
战争档案馆,
战友,
战略分析家,
战略前沿技术,
战神观察,
戴南在线,
房产实战销售秘诀,
房产店小二,
房产财经,
房介宝中介软件,
房君来了,
房地产投资融资俱乐部,
房地产经理人联盟,
房地产风险防范,
房天下特价房,
房掌柜集团,
房里房外,
手抄报,
手拍视频,
手机摄影旅行,
才华有限的企鹅,
扎头发很简单,
扎西微时空,
扑克投资家,
扒姐有料,
打架王,
执识,
扬一帆股海文海两岸飞舟,
扶余在线,
承德帮,
承朴堂,
技巧君侃球,
抓猫调查局,
抓马小姐姐,
投稿客,
投融资俱乐部,
投行资本论坛,
投资者报,
抖游戏,
护肤哈,
护肤大本营,
报刊文摘,
报局,
抱一书简,
抱柱法律圈,
招聘兄弟会,
拼布网,
拾点书殿,
拾点历史,
拾遗,
拾遗文摘,
指尖上的邢台,
指尖商丘,
指游资讯,
振兴东北3260人际网扶贫项目,
振兴会,
捡书博士,
换个角度看车市,
换种生活吧,
捧腹笑话,
掌上企业通,
掌上冠县,
掌上冷水江,
掌上吴川,
掌上威县,
掌上岳西,
掌上微临沧,
掌上德阳网,
掌上新乐陵,
掌上易州,
掌上曲靖,
掌上望江,
掌上枣庄,
掌上榆中,
掌上武冈,
掌上武山,
掌上武鸣,
掌上泉港,
掌上泗洪,
掌上漳州港,
掌上耒阳,
掌上莱芜,
掌上萍乡,
掌上金普,
掌上阅读,
掌中榆林,
掌中读史,
掌悦奉贤,
掌握泊头,
掌车宝车主服务,
排名优化快速上首页,
探索发现未解之迷,
探索发现神秘世界,
探索重庆,
接触临沂,
揭西家乡群,
揭阳一线,
揭阳微生活,
揭阳新视线,
搏击联盟,
搏击视频,
搞怪大咖,
搞笑事儿,
搞笑八点半,
搞笑内涵社,
搞笑表情包馆,
搬砖小剧务,
携程每日特惠,
摄影日记,
摆古论今,
摇惊喜啦,
摇滚客,
摩摩哒浙江,
摩登文旅,
撕纸虎,
撸房帮,
支付风云,
支彩琴,
收租界掌门婆,
收藏投资指南,
政事儿,
政事全球,
政商博弈,
政商天下,
政商领航,
政局参阅,
政局时事网,
政局热点网,
政治三只眼,
政治学新观察,
政治视野之光,
政法言论,
政法论坛,
故乡专栏,
故乡视角,
敖评,
教你一月瘦下来,
教你做1个好妈妈,
教你做个气质女人,
教你健康,
教你变得漂亮,
教你如何管教孩子Kid,
教你学点口才,
教你白手起家创业,
教点穿衣搭配,
教素食,
教育帮,
数字山西,
数字经济,
数据局,
数控达人,
数码视讯科技集团,
整点夜眠,
文化乱弹,
文史大参考,
文品先生,
文学村,
文安衣食住行,
文山七都在线,
文山州大小事,
文忠看合肥,
文摘库,
文旅地产开发研究院,
文旅思记,
文昌生活网,
文昌网,
文明曲立村,
文汇教育,
文观,
文课,
斗罗第四部,
斗门万事通,
断刀读书,
新DNA购物中心,
新三农信息,
新乐市发布,
新乡1016,
新乡生活圈,
新乡零距离,
新京报,
新余发布,
新六安,
新兴县风情网,
新兴热点事,
新兴直通车,
新兴视讯,
新农业补贴,
新农安,
新农政策,
新农村最新政策,
新剧追不停,
新加坡眼,
新加坡红领巾,
新化一线,
新化呐喊,
新北方,
新午夜十点半,
新华每日电讯,
新华社,
新华网,
新周刊,
新大庵埠,
新妙播,
新宁微视,
新宁网,
新封建主义,
新庄未了,
新时代新观察,
新晚报,
新曹路,
新棉湖,
新欧洲,
新民军哨,
新民微同城,
新民观察,
新氧美学院,
新洪山,
新浪医药,
新浪娱乐,
新浪科技,
新海归精英联盟,
新湘江评论,
新火眼,
新生儿护理宝典,
新田惠生活,
新电影,
新盐城,
新盐约之声,
新经济变革趋势,
新经济转型趋势,
新蔡老乡情,
新蔡视窗,
新西兰936全资讯,
新西兰中纽文化交流中心,
新警事儿,
新语相声,
新说世说新语,
新财迷,
新超级经济大趋势,
新郑之窗,
新闻哥,
新闻夜航,
新闻大连,
新闻广角,
新闻早餐,
方舟子,
旅游地产交易平台,
旅美华裔信息直通车,
旗帜先明午评,
旗帜评论2018,
无为网,
无为老乡,
无冕之名,
无启不有,
无垠的天空,
无声江苏,
无忧机经预测,
无线萧国,
无脚蛇焦点网,
无言笔记,
无锡亲爱的,
无锡百事通,
无锡移动,
无限l极人夜听,
日本零距离,
日照收录,
日照那点事,
日照零距离,
日计,
旦栎咨询,
旧叔,
旧金山华人资讯网,
旧金山湾区华人资讯,
早道日语,
时事内幕爆料,
时事参阅,
时事政治,
时事热点共读,
时代伯乐,
时代商刊,
时代精神,
时分娱乐,
时尚日韩,
时尚昆明圈,
时局新热点,
时局要点,
时局要闻,
时政国关分析,
时空网,
时评君,
时间张贴墙,
时间视频,
昆山房产,
昆山检察在线,
昆明信息港,
昆明楼讯,
昆明湖畔电影公社,
昆明街头巷尾,
昌图人家,
昌赢先生广告服务平台,
明察,
明星权力榜,
明星粉丝团,
明星资本论,
明臣,
明见书院,
明说全天下,
明说历史和今天,
易经天下,
易经看盘,
易行车友汇,
易门生活网,
星娱小情报,
星星聚利,
星火财经记者联盟,
星系花园,
星耀门,
星辰菌,
星锐娱乐站,
星闻娱乐社,
春城晚报,
春来陌上,
晋城生活君,
晋城网,
晋江,
晋源大小事,
晓看,
晚安帖,
晚安板凳,
晚点悦读,
晚间热播,
晨报平遥,
晨报晋城,
晨报运城,
晨讯直销邦,
普法栏目平台,
普洱微生活网,
普洱茶,
普洱通,
景县百姓事,
智享单车阳信,
智博会SCE,
智慧i女人,
智慧烟台,
智慧职场学堂,
智慧资本,
智斗,
智读逻辑,
智谷趋势,
智趣弥勒订阅号,
暖心文摘,
暗网新世界,
暮读,
暴走大事件,
暴走漫画,
暴走的文氓,
曲阜123网站,
曲阜圈子,
曲阳县第一微,
曹强,
最囧烧脑挑战,
最大秘密,
最摄影,
最新时政,
最新爆笑排行榜,
最新课程精选,
最新黑幕爆料,
最最最韩流,
最江阴,
最温岭,
最潍坊,
最潮生活,
最爱长治县,
最牛的商业机密,
最猛料,
最美剑阁,
最美海南省,
最美老电影,
最美赣州,
最美辛庄,
有书,
有思资本,
有意思的事情,
有明人,
有机农业者,
有点儿田,
有点趣小视频,
朋友圈精选,
服务营销与管理,
望城视界,
朝闻,
朝阳Power,
木乐生活圈,
木偶诡异漫画,
木子艺术工作室,
未央防务,
未遂,
末那大叔,
末那大叔说电影,
朱和点兵,
朱泓屹,
朱门大叔,
机场高铁建设资讯,
机宻阅读,
李银河,
村夫说,
村朴,
杞县万人群,
杞县在线,
来凤微友圈,
来宾微生活网,
来宾老乡会,
来看新电影,
来自桂庙的学霸,
杨毅侃球,
杭州交通918,
杭州公交查询,
杭州去哪家族,
杭州家居,
杭州日报,
杰人说法,
松阳万事通,
板城路路通,
极客爱分享,
枕边歌,
林中奇潭,
林州新故事,
林爱玥,
果壳,
果酱音乐,
枣庄百事通,
枪稿,
柏举居士,
柒爷在线,
柚子说球,
柠萌小馆,
柯桥发布,
柯桥在线,
柳州电信,
柳州百事通,
柳州通,
柳市现代泡泡堂儿童乐园,
柳报传媒微报,
柳飘飘了吗,
柴房汇,
树不子,
树儿微刊,
校园故事馆,
校园闲谈,
株洲城市建设,
核心商业资本时代,
核心政商资讯,
格局瞭望台,
格拉条,
格斗教练,
桂公梓,
桂林印象,
桂林夜屎佬扯板路,
桂林感光度,
桂林热点,
桂林生活网,
桃江生活网,
桃源焦点,
桃源老乡会,
桌子的生活观,
桐乡臻光微生活,
桐庐发布,
桑桑姐,
桑植警事,
桥头菇溪论坛,
梁山義缘,
梁粉世界,
梁粉茶馆,
梅县老乡群,
梅城风采网,
梅州办事通,
梅州电视民生820,
梦梦娱乐咨询,
梦浪云岚,
梦里影评,
梦阳正能量,
检察日报,
棋牌智囊团,
森影娱乐,
楚天交通广播,
楼事济南,
楼市温州,
楼市镇江,
榆林热门事件,
榆树圈,
槽边往事,
横县大小事,
樱桃小洋子,
橘子娱乐,
橘子文娱,
欢喜社区,
欣百瑞官方客服,
欧小黑,
欧文吧,
欧洲中文网,
欧洲人才网,
欧美之音,
欧阳乾在此,
歌唱训练营,
正义联盟,
正史大揭密,
正商参考,
正商参阅,
正商瞭望,
正商秘文,
正商韬略,
正妹快报,
正安001,
正安文化北京,
正定新鲜事儿,
正统传媒,
正能量,
正能量传递接力站,
正能量发布,
正能量读刊,
正茂钓鱼台壹号,
正解局,
正解财经,
正道正德,
此号必火,
武义交警,
武冈事,
武大郎喝茶,
武大郎耍泼,
武志红,
武术空间,
武汉组工,
武汉阅生活,
武清热线,
武清通,
武邑百姓事,
歪歪八卦网,
残疾人服务平台,
残障政策,
残障消息,
残障补贴,
段段视频,
母婴亲子育儿智慧,
母婴前沿,
母婴视界会刊,
母婴高参,
每天一节聆听课,
每天一首英文歌,
每天学点销售学,
每天普法,
每天涨知识,
每天盘美发,
每天看甄嬛,
每天讲一个鬼故事,
每天读一读哦,
每日一囧,
每日一新new,
每日一狗,
每日会计实操,
每日减脂,
每日历史课,
每日双辽,
每日听佛音,
每日必侃,
每日快评,
每日搜索,
每日桂林,
每日海外博客精选,
每日点兵,
每日直击热点,
每日祛斑技巧,
每日见闻爆料,
每日读一读,
每日读书,
每日财经精读,
每晚一卷书,
每晚夜听AM,
每晚读本书,
毒舌点评,
毒鸡汤大叔,
比较政治学研究所,
毕节发布,
民众心声,
民众生活圈,
民兵智库,
民兵纪要,
民意观察哨一平江县最有态度平台,
民族大业揭秘,
民航小报报姐,
民航论坛,
民航资源网,
民趣奇谈,
民间热文,
气质养身,
气质范,
氧气是个地铁,
水乡轶事,
水和舟,
水库论坛,
水木文摘,
水母真探社,
永不放弃平台,
永吉帮,
永吉微易生活,
永安里东社区,
永定老乡群,
永州事,
永州地方生活,
永州通,
永新之窗,
永济在线,
求是网,
汇常德,
汇总运城,
汇聚江苏,
汉中全知道,
汉周读书,
汉唐防务周刊,
汉麻博士,
汕头交警,
汕头新闻,
汕头橄榄台,
汕尾交通,
汕尾头版,
汕尾市民网,
汕尾时代网,
江北楼市,
江南都市报,
江夏微新闻,
江山新闻网,
江山本地通,
江桥生活圈,
江津微同城,
江浙沪一手房汇总,
江浙沪渣女集,
江浙沪渣男集,
江淮医学,
江湖,
江苏交通广播网,
江苏信访,
江苏盱眙万事通,
江西共青团,
江西去哪玩儿,
江西时政头条,
江门吃喝玩乐,
江门日报,
江门爆料王,
池见新草,
污娱社视频,
污播王,
汤阴事,
汪若鱼,
汽车全知道,
汽车音乐分享导航升级,
汾西老乡俱乐部,
沂南,
沂水印象,
沂水第一资讯,
沈丘都市网,
沈目田,
沈阳公交网,
沈阳同城会,
沈阳妈妈网,
沈阳房哥,
沈阳百姓一家亲,
没头没尾的鱼,
没有买卖没有杀害,
没有别的战斗,
沧州公交,
沧海传播,
沧海蜉蝣非是梦,
沪江英语,
沭阳百事通,
沭阳老乡群,
河北日报,
河北生活视频,
河北省纪委监委网站,
河北青年报,
河北音乐广播,
河南交通广播,
河南华友置业集团,
河南卫视,
河南大商丘,
河南时事号外,
河南税务,
河池小城大事,
河池民生,
河源警事,
河马电影,
油漆色彩,
泉州市教育局,
泉州缘,
法之恋,
法务之家,
法学1954,
法学律道,
法学评道,
法官跑起来,
法律一讲堂,
法律好声音,
法律实务圈,
法律报道,
法律指南,
法律服务窗,
法律港湾,
法律籍汇,
法律讲坛,
法律门前,
法律雅座,
法政人文读书会,
法正民安私人法律顾问,
法治夜空的星星3,
法眼帝国,
法眼监督,
法眼观察,
法耀星空,
法说舆论,
法邦LawBrother,
泗县碧桂园,
波杰克马男,
泰国中文网,
泰国网,
泰安吃喝玩乐,
泰安大众网,
泰安新阶层,
泰山地带,
泰康人寿个险烽火,
泰有趣网站,
泸州阳光政务,
泽思,
洋葱往事,
洛城标叔,
洛杉矶e生活,
洛杉矶华人资讯网,
洛杉矶消费指南,
洛江第一时间,
洛阳同城会,
洛阳派,
洞中有洞,
洞察力,
洞察热点,
洞悉军武,
洞见,
洞见民生,
洞见热文,
洞见趣闻,
洞观视角,
津南事儿,
活力黎川,
活在新塘,
活在谁的世界里,
派学车,
浅谈大国博弈,
济南市专业戒瘾机构,
济南社保,
济宁大众网,
济宁小郭,
济宁生活网,
济宁趣生活,
济州岛长期代,
济阳在线,
浏阳大小事,
浑源向导网,
浑源网,
浙中在线,
浙江之声,
浙江新闻,
浙江生活本地事,
浙里绍兴,
浙里舟山,
浦江坤庭之声,
浩兄影视工作室,
浩泽净水家,
浪涛金观察,
浮梁县广播电视台,
海上与旧时,
海上闲话,
海丝商报,
海丰东门头,
海丰快讯,
海之圣大健康产业,
海南八哥号,
海南八妹,
海南同城汇,
海南特区报,
海南电保姆,
海南自贸港参考,
海口江东新区微时代,
海城焦点,
海外博士学者圈,
海外置业,
海安在线,
海安零距离,
海峡导报大漳州,
海峡网,
海峡都市报,
海的泡泡,
海盐19楼,
海纳芦溪,
海门大神,
涂图读书,
涂寨微生活,
消费日曝,
消费者报告TVS1,
消防百事通,
涛声一久,
涡小言日记,
涡阳微论坛,
涡阳生活通,
涡阳论坛,
涡阳论坛陈大站,
涡阳资讯,
涵姐的考研公寓,
涵江最新事,
淄博视点,
淅川生活圈,
淮南人社,
淮南市民网,
淮阳新网,
深八娱乐圈,
深几度,
深圳大件事,
深圳市人民检察院,
深圳微时光,
深圳楼评,
深夜娱乐圈,
深夜梦话,
深大快讯,
深度军事热评,
深度开扒,
深度戴窑,
深度报,
深度时政,
深度枣庄,
深度潮八卦,
深度萍乡,
深度解读,
深晚一兵时评,
深更半业,
深汕热点,
深海之声,
深海财经,
深蓝观察,
混在邢台,
淼哥故事会,
清廉普洱,
清徐报社,
清徐生活网,
清涧小城,
清荷心灵絮语,
清远日报,
渌田那些事儿,
渝水珠珊,
渣圈探秘,
渣视界,
渣都不剩了,
渤海新区资讯,
温君看世界,
温哥华头条,
温哥华情报站,
温哥华港湾,
温州我要投诉在线,
温州房网,
温州新闻网,
温州草根在线,
温州草根新闻,
温言姑娘,
温馨之光,
渭源老乡之家,
港漂圈,
港联物业亳州项目服务中心,
港股那点事,
港西新城微生活,
游家妹子,
游迅网,
游遍四川,
湖人詹姆斯,
湖北周边事,
湖北汉德食品有限公司,
湖北的聚集地,
湖南同城老乡,
湖南杂闻,
湖南爆料吧,
湖南郭国权,
湖州发布,
湖州国土,
湖湘史话,
湘西小木鱼,
湘视,
湛江交警,
湛江佳房网,
湛江朋友,
湛江贴吧,
溧水在线,
溧阳话,
滕州信息港,
滕州新热点,
滕州新焦点,
滕州荣源吉利汽车4S店,
满嘴狗话,
满族文化网,
滨州全搜索,
滨州在线网,
滨州零距离,
滨海我爱你,
滨海视界网,
演讲与人生,
漠北劲草副刊,
漫漫说,
漫言情,
漯河公交,
漯河名城网,
漯河日报,
漳州110,
漳州国家高新区,
漳州大鱼网,
漳州港论坛,
漳州直播,
潇湘墨人书画院,
潇湘热点,
潍坊大众网,
潍坊故事,
潍坊新闻中心,
潍坊论坛,
潍坊风驰广告传媒有限公司,
潜城通,
潢川县阳光村务,
潮人,
潮人先锋,
潮州今日信息,
潮州直播,
潮汕台,
潮玩香港HK,
潮百搭,
潼关交警,
澄海报道,
澄缘似海论坛,
澎湃新闻,
澳大利亚,
澳大利亚移民家园,
澳洲Mirror,
澳洲妈咪育儿经,
澳洲家园网,
澳洲小蚂蚁微传媒,
澳洲知识百科,
澳洲红领巾,
濠江人家,
濮阳新闻广播,
灌阳好兄弟,
灏好说,
火星试验室,
灯塔党建在线,
灰常有特色,
灰狼传媒,
灵台汽车站,
灵台电视台,
灵异档案馆,
灵异社区,
灵璧万事通,
灵璧民声,
灵璧百事通便民服务,
灵石帮,
灵翼书院,
灿烂千阳,
炎黄热点,
点下玩一年装备不花一分钱,
点我衢州,
烟台移动,
烟斗鬼故事怪谈,
烟朵,
烟语法萌,
热心的西安市民刘先生,
热搜精选,
热文参考,
热点奈曼,
热点文刊,
热点时政资讯,
热血足球王国,
热门机密,
热门精选i,
烹鲜若治国,
焦作生活圈,
焦点商学,
焦点时局,
焦点百态,
焦点社评部,
焦点观察,
焦点访谈315,
煤城新鲜事,
煤改电,
燕山老妖,
燕赵人民,
燕郊在线,
燕郊好活动,
爆笑视频,
爱三秦故乡,
爱上下厨房,
爱上大宁夏,
爱上苍梧,
爱与婚姻,
爱临汾,
爱农帮,
爱和生命关怀,
爱国百事,
爱在哈尔滨,
爱在大中华,
爱在大北京,
爱在电子书社区,
爱大同,
爱好军事者,
爱心家园网,
爱我潘田,
爱暖人间,
爱湘西爱生活,
爱片播放,
爱车一族,
爸妈搜订阅号,
爸妈秘籍,
片儿君电影,
牛不耕,
牛头财经,
牛弹琴,
牧马先生,
物联网大崛起,
特二哥,
特价房昆明,
特奢汇,
特殊拍摄,
特级1片,
特级大秘密,
犹太人智慧启示录,
犹太人的启示,
狂刀,
狗眼看泰州,
独家精品刊,
独懂我心,
独立作家,
独立清风之唯一,
独立经纪人,
独立视点2,
独立鱼电影,
独行刊,
狮说新语,
狮门论坛,
狸猫娱乐,
狼烟传媒,
狼魂战绩,
猎奇村,
猎网平台,
猪价查询,
猫眼看天下,
玄灵异事,
玉东观察,
玉林侬,
玉林吃喝玩乐,
玉林威鸡嘢,
玉林部落,
玉树诵读,
玉溪那点事,
王亚中律师,
王亚军思文,
王子信箱,
王才亮的笔耕园地,
王旭的王,
王泽鹏啊,
王猛,
王陶陶,
玩机少年,
玩转全球免税,
玩转大学,
玩转阜阳,
玫瑰书库,
环保创业世界窗,
环保新课堂,
环境与生活山东,
环球人物,
环球军社,
环球利刃,
环球华人微刊,
环球国际因素,
环球文摘优选,
环球旅行,
环球时局,
环球时报,
环球栏目,
环球点评,
环球烽火,
环球看热点,
环球网,
环球视野,
环球透视,
环球通信,
现代快报,
珠海交警,
珠海新鲜事,
珠海邻新闻,
球球大作战,
球迷说球,
琅江乡情,
理娱打挺疼,
理性乐观派,
理险家,
琪姐娱乐圈,
琴岛通,
瑞典投资,
瑞叔嘚啵嘚,
瑞安百事通,
瑞安草根在线,
瑞敏儿童教育资源,
瑞昌公安,
瓜尔佳,
瓦釜乱鸣,
瓶窑发布,
甘肃圈子,
甘肃达人,
生命必修课,
生命是一场创意之旅,
生命美好,
生态志愿者,
生态闽东,
生活SPA,
生活前沿资讯,
生活小趣事儿,
生活报,
生活日报,
生活易数,
生活洞察,
生活百姓养身,
生活范儿,
生活讨论吧,
用车指南,
田园董浜,
田田八卦,
电光美少女,
电力专家联盟,
电力安全生产,
电动车情报网,
电动车报,
电动车时代网,
电动车老板内参,
电动车调查员,
电子书资源,
电影天堂,
电影家,
电影小强,
电影小骑士,
电影是个圈,
电影杂志,
电影特搜,
电梯,
电白热门,
男人之书,
男人会聊天,
男人得会沟通,
男人得会说话,
男人怎样说话,
男人日志录,
男人要爱说话,
男生发型设计,
畅快视频,
畅游小说吧,
界首身边事,
留学生中文报,
番茄书院,
疑难病专家,
疯拍,
疯狂老北京,
白城之窗,
白杨影视,
白河人,
白马V视角,
百事君刊,
百事洞悉,
百合书院,
百味朱砂之文学,
百姓之口,
百姓优生活,
百姓关注,
百姓动态,
百姓时事曝料,
百姓汇聚,
百姓热点资迅,
百姓监督强国,
百姓直通,
百姓视刊,
百姓解读,
百姓讯报,
百姓论坛,
百姓评鉴,
百姓追热点,
百姓通江,
百婚百,
百度百家,
百旺茉莉,
百洲兄,
百瑞地产网,
百色微网,
百色视窗右江论坛,
百草夜听,
百视可乐,
的哥之声,
的哥的姐微传媒,
的哥的姐驿站,
的士之音,
皋兰圈子,
皮皮哈看书,
皮皮王啊,
皮皮虾阿八,
盐池大城小事,
盐阜网事,
监利网,
盘州老乡群,
盘界快讯,
盘界终结者,
盘界论坛,
盘面资讯,
目以,
盲流青年,
直l销早听,
直事儿,
直播圈大事件,
直播日照,
直播潍坊,
直播黑山,
直消兵法,
直男宝鉴,
直销堂网,
直面传媒,
相信法律,
相约甘肃,
看个片儿吧,
看书有道,
看北海,
看南部,
看吕梁,
看大国博弈,
看宁河,
看懂上海,
看机密,
看理想,
看盘大师,
看看黑科技,
看秀洲,
看英国,
看见,
真理的追求,
真言社,
眷读,
睁眼看当下,
睡前爱看经典视频,
睡前绿叶夜听,
瞭望东方周刊,
瞭望智库,
知书男子,
知至私塾,
知青先锋,
知页,
短发发型图片,
短史记,
石河子微生活,
石狮东南医院,
石门老百姓,
石首在线,
矾山川的事,
研究养猪的产品,
砖瓦行业网络平台,
硅星人,
碎片苑,
碧桂园荣汇世家,
碧水春城业委会,
礼县沙金乡见各梁村,
祈愿少女的捧花,
神图生成器,
神山之巅,
神州万安人,
神州传媒,
神州大地毕节人,
神州盘界风云,
神府论坛,
神画国际影城一九堡店,
神秘事件调查员,
神秘档案揭秘,
神秘灵异事件,
神秘灵异怪谈,
神秘震惊事件,
祥云时讯,
禁闻解读,
禅悟佛学,
禅意与感悟,
福州市民网,
福州晚报,
福州身边事,
福建乡亲会,
福建微尤溪,
福建新消费,
福清家乡群,
福音微电影,
离人沽巷,
秀山百姓,
私家车第一广播,
私银,
秋山雨夜,
秋日么么茶,
种花搬运哥,
科学公园,
科学养牛牛病讲堂,
科尔沁频道,
科技小琪,
科技最前线,
科技每日推送,
科普中国,
秘密影视,
秦和文化,
秦安信息网,
秦小明,
秦皇岛之窗,
秦皇岛交警,
秭归县两河口镇人民政府,
积石山在线,
税务师,
税课堂,
稻菽千重浪,
稿子,
空天猎士,
空空保呗,
窝窝夜读,
立仓百晓通,
立早章娱乐,
立谦阅读,
站站八卦,
站站娱乐,
章丘人论坛,
章娱来了,
童书来了,
端州最前线,
端端酱,
笑嘻嘻,
笑多了会蛋疼,
笑央,
笑嫣杂谈,
笑得肚子疼,
笑段子大全,
笑翻天小视频,
笔尖话人生,
第3搞笑视频,
第一p2p资讯,
第一国际军武,
第一太仓,
第一时间爱心公益志愿者联合会,
第一真像,
第一线军事,
第一财经网,
第二干事,
第十放映室,
简书,
简单军事,
管件泵阀联盟,
管理哲学,
篮帝国,
篮球大图,
篮球技巧教学,
篮球教学论坛,
篮球湿叔,
篮球直播室,
簸箕掌生态景区,
米勒之声,
粤夜粤好玩,
粤港澳大湾区买房,
粤港澳大湾区房产分析资讯,
粤港澳超级大湾区,
粤蒲粤好玩,
精准辩护,
精彩人生博物馆,
精彩菏泽,
精彩语录,
精明常旅客,
精武门MMA综合格斗职业联赛,
精英品读,
精英悦读,
精英文摘,
精英猎头学堂,
精英视界,
精英视角,
精英阅读,
精选祝福视频,
糯扎渡镇谦迈村,
素素书苑,
索尼哥伦比亚影业,
索汉瑜伽,
紫竹张先生,
紫金快线,
紫金论坛,
紫金趣生活,
紫金门户,
红旗如画乾坤赤,
红星云,
红河交警,
红瑞乐邦二部,
红色前沿,
红色参阅,
红色尖兵战队,
红色文化分享,
红辣椒评论,
约克先生和你聊,
纳雍同城,
纵梦广工商,
纵横帜,
纵相,
纸上建筑,
纺织印染e站,
纽约华人资讯网,
纽约缅街网,
细说历史那点事,
终极神器,
终结诈骗,
绍兴E网,
绍兴三改一拆,
绍兴发布,
绍兴头条,
绍兴早8点,
绍兴晚报,
绍兴维美美容医院,
绍兴网,
经典文摘2018,
经典老照片2,
经典资源群,
经晚看点,
经期养护,
经济学博士,
经济学家圈,
经济文摘4,
经济视角看天下,
经管沟通中心,
经销商联盟平台,
给孩子最好的,
绛县圈,
统一CF专区,
绥宁在线,
绥德生活通,
绫梨,
维修视界,
维基解迷,
维度11,
维拳之路加油站,
绿叶青草,
绿畔,
绿色力量联盟,
缅甸在线1,
缓缓说,
编发教程,
缘聚星空,
网上会宁,
网上江湖恩仇录,
网信安徽,
网易公开课,
网易新闻客户端,
网红今日资讯,
网红八卦,
网红八卦资讯,
网红娱乐资讯,
网红扒扒皮,
网红牛牛,
网红追击,
网贷之家,
网贷之家查询,
网贷报道,
网贷舆情,
网际传媒,
网际参考,
罗天昊国与城,
罗安达在线,
美中时差,
美丽加油吧,
美丽的大南沙,
美人美景,
美剧头条,
美加枫情,
美味菜谱,
美国168资讯网,
美国华人之声,
美国华人生活,
美国华裔教授专家网,
美国咖资讯网,
美国留学那点事,
美国驻华大使馆,
美少女挖掘机,
美日健身,
美柚课堂,
美菜,
美迪家装,
美闻参阅,
美食菜谱大搜罗,
群众报讯,
羽绒服批发专卖店,
羽落成殇,
老designer烟斗室内设计公司,
老乡绘,
老兵东雷,
老兵优抚网,
老兵健康俱乐部,
老兵千里寻,
老兵日记,
老兵正能量,
老兵讲堂,
老家在鹤庆,
老屋古巷,
老崔故事,
老崔说亊,
老崔说实事,
老年生活手册,
老挝同城,
老晋房产观,
老朱拍案,
老杨说三农,
老杨说交通,
老板交流社,
老板交流群,
老板人脉,
老板商业秘诀,
老板商学馆,
老板商战联盟,
老板大智慧,
老板如此,
老板学习会,
老板学习会所,
老板管理课堂,
老板精英会,
老板经营群,
老梁故事绘,
老河坝视窗,
老火老粉,
老狼博客,
老狼观察,
老王爱漂移,
老百姓事,
老虾农,
老邓的财经茶馆,
老黑100招,
耒阳微生活网,
耗这口,
聊城v焦点,
聊城微言教育,
聊城晚八点,
聋友之家,
聋网,
联合国,
聚幕说,
聚焦吕梁时讯,
聚焦大理,
聚焦杭州湾,
聚焦河北大小事,
聚焦百姓事,
聚能量,
聚读书,
聚读书社,
聚财很简单,
肆叔,
肇庆一点通,
肇庆中学生大本营,
肇庆之星,
肇庆最前线,
肇庆特搜,
肇庆街坊,
肇庆西江明珠,
肉叔电影,
肉唐僧,
肌肉教练,
肌肉构成,
肖东敏,
肖浑,
育人学苑,
育儿必看小手册,
胜哥聊天,
胡枫宋瓷收藏,
胡萝卜实验室,
胪岗镇港头微帮,
胶州人在线,
胶州新鲜事,
胶己人,
能酸罐头,
脊梁in上海,
腐情密报,
腾讯娱乐,
自主择业,
自游驴,
自然医学微站,
自然的恩典,
自由与公平,
自由世界A,
自由品读社,
舒克评论,
舒城城市网,
航佳技术,
良渚新城生活圈,
艳小说,
艺人公司,
艺恩网,
艾木范,
艾米悦读,
节日福多多,
芝加哥家园,
花吃了那女孩,
花样大武汉,
花样昆明,
花样泉州,
花样济南,
花火体育,
花道音乐,
苍南百事网,
苍山吧,
苏东的述评,
苏州工业园区发布,
苏州日报,
苗木通,
英中时报,
英伦大叔,
英国万事通,
英文教室,
英语口语,
英雄小助手,
茂名汇,
茂名滨海公安,
茶言无语,
茶香青华,
荆门晚报,
荆门论坛,
草原明珠锡林浩特,
草根关注,
草根阵地,
荔枝新闻,
荣言,
荣誉老兵网,
药师在线,
荷乐网GoGoDutch,
荷塘十里,
莆医名人堂,
莆田新城网,
莘县同城在线,
莘县生活帮,
莱芜早八点,
莱芜晚八点,
莱芜正义,
莱芜都市网,
莱西社汇,
莲花在线,
莹莹观世界,
菏泽大众网,
菏泽头条,
菏泽报,
菏泽新鲜事,
菏泽生活网,
菏泽通,
菜头精选,
菲凡烽火台,
萌动律心二世,
萌历史,
萌叔邦,
萌宠部落营,
萌眼娱乐团,
萝卜精选,
营口微帮,
营销那点事,
萧七的剑,
萧内网萧山论坛,
萧县关注,
萧县在线,
萧县电视台,
萧县网,
萧县老乡,
萧山咸话III,
萧山广播电视台,
萨维尔圈,
落梅轩读书人,
落笔生根,
葵花朵朵,
蒋唐说,
蒋校长,
蒙城身边事,
蓝海豚卡车之声,
蓝色河畔,
蓝莓公子,
蓬安微报,
蓬安网,
蓬安身边事,
蓼江村征地项目,
蔚县在路上,
蔚县百事汇,
蔚州产经,
蔬菜频道,
蔷薇文摘,
蕉岭人,
薄言博语,
蘑菇头动态表情包,
虎啸天,
虎嗅APP,
虎嗅网,
虎次郎,
虚拟经济网丶,
虹蓝咖啡,
蚁坊软件,
蚂蚁影迷,
蜂巢快递柜,
蜗居影视,
蜗牛与老鹰,
融水好门户,
血型B型君的世界,
血饮,
行业观察者,
行为魔思,
行政法实务参考,
行研君,
行走与歌唱,
行走的知性,
街角书院,
衡水交警微发布,
衡水公安,
衡水凤巢网,
衡水城管,
衡阳一号,
衡阳楼市,
衢江发布,
表姐电影,
表情水,
表情速递,
袍子,
襄阳微生活网,
襄阳播报,
襄阳网,
西三爷,
西乡县党建,
西单论坛,
西安RELAX同学社,
西安帮,
西安惊奇,
西安研究所,
西安起跑线,
西平在线网,
西泽研究院,
西浦马克思主义评论,
西海岸内参,
西海岸新区舆情,
西湖之声,
西班牙欧浪网,
西班牙生活通,
西部城事,
西门哥,
西阳看电影,
要资讯,
要闻时刊,
要闻时讯,
见证转型新经济,
观事间,
观察者网,
观点,
观音土平台,
观音土监督平台,
视听文山,
视察叁号,
视界临汾,
视界线,
觉悟号,
解密,
解密风云,
解析军事,
解读军事,
解读政策,
触化,
触摸宣威,
触碰心灵的一些话,
詹姆斯吧,
説三道四,
警察说警事,
警界,
警眼看天下,
警笛,
警长说事,
讀行舍,
计成,
让人知道我,
让爱终结流浪,
许庸人自扰之,
许戈财经,
证商阅读,
识局,
识装,
诗意恩典,
诗文扫地,
诗画江西,
语人读书,
说唱HIPHOP,
说娱乐,
说法Answers,
说湖南,
请停止你的咸猪手,
诸城视频网,
诸暨在线,
读书,
读书与旅行,
读书微刊,
读你文学,
读者原创版,
课堂内外高中段,
谈心社,
谈育阁,
谋道在线,
谍报,
豆瓣电影,
象甲,
豫东关注,
豫剧苑,
贝克足球,
贝拉小说,
负重逆行,
财商焦点,
财大易晟商学院,
财富宝典热线,
财富成功密码,
财神君Plus,
财神送祝福,
财税第一教室,
财经三分钟,
财经专刊,
财经会议资讯,
财经内参网,
财经夜班车,
财经要参,
财经金融圏,
贤智书苑,
贤鸭蛋,
购买抵押车指南,
贰十二视频,
贱料,
贵圈有料,
贵圈真乱,
贵州人身边事,
贵州六盘水嘉和逸园,
贵州综合广播,
贵溪先锋,
贵溪微帮,
贵阳晚报,
费县身边事,
贺州态度,
贺州老乡会,
资本大智慧商学府,
资本寡姐,
资本智慧D,
资本生态圈,
资金盘排行榜,
资阳九曲河门户网,
赚客之家订阅号,
赛柏蓝,
赛点,
赛西安,
赛雷,
赣县,
赣县新闻,
赣州630播报,
赣州发布,
赣鄱之音,
赤峰微生活,
赤峰生活网,
走火入摩,
走进新西兰,
走进时尚圈,
走进灵异,
走进科学,
赵丹赵丹喵,
赵县快讯,
赵呸,
起点人文plus,
起点财经,
起点财经plus2,
起风大叔,
超神助手,
超级北京,
超级大国经济转型,
超级学爸,
超级演讲销售,
超级生活,
超肌男生,
越南芽庄老司机,
越城发布,
越生活,
趋势交易的奶爸,
趣味安溪,
趣娱在线,
趣玩合肥,
趣玩四川,
趣读精刊,
足球观察员,
跟我天天学编织,
跟谁学思维训练,
路以,
路过心灵的句子,
车务通,
车尔摩斯,
车来看天下,
车神大咖,
车行天下,
轨道交通人才网,
轨道交通招聘快讯,
轻松筹,
轻松筹健康,
轻食运动健身,
辅警资讯,
辉县青年儿,
辛集圈子,
辣妈学堂,
辣姐时尚日记,
辣笔小尖椒,
辽宁朝阳微友圈,
达州圈,
过来笑一会,
迎刃,
运城掌上生活,
近思数学,
这个视频碉堡了,
这才是日本,
这才是欧美,
这是潮州,
远见时评,
远见时评6,
远见时评9,
连云港掌上生活,
连岳,
连州点点网,
连平微生活,
连滩微生活,
迪丽热巴Dilreba,
迷彩虎军事,
追剧小马甲,
退伍老兵联络站,
退役军人V,
退役老兵事务部,
送你真心好祝福,
送命题,
逆天子,
选秀资讯站,
逐梦上木套,
逗乐二人转,
逗比欢乐多,
通信圈,
通州八通网,
通往知识之路,
通渭儿女情,
速来找钱,
逮幸福,
遂宁万事通,
遂宁之窗,
遂宁发布,
遇见昆明,
道听图说,
道家思想,
道德思想,
遗爱网,
遴选,
遵义资讯,
邀请你加入江浙首富商会,
邓州人才网,
邓州新生活,
邓州论坛,
邓州零距离,
邢台同城,
邢台慈铭体检,
邢襄古郡,
那抹励志阳光,
邯郸之窗,
邯郸交警微发布,
邯郸发布,
邯郸新鲜事,
邯郸音乐广播,
邵东公安,
邵东号外,
邵东学生资助,
邵东观察,
邵武在线,
邵阳信息平台,
邹城生活圈,
邹平今日信息,
邹平在线,
邻读,
郁南最前线,
郑州交巡警三大队,
郑州住房公积金,
郑州弄啥类,
郑远元足部护理专家,
郓城在线,
郓城生活网,
郧西大管家,
郧西跑腿,
郭一平说真话,
郭云神奇,
都市夜语,
都市娱乐看点,
都市快报,
都市现场,
都市要闻,
都昌脱贫攻坚,
鄂电人才,
鄂西百态,
鄱阳老乡情,
酷玩实验室,
醒醒八卦,
重庆发布,
重庆大事儿,
重庆晚报,
重庆渣男集,
重庆生活美食,
重庆聊宅,
重案组档案,
野兽先生Go,
量化精灵,
金伍话交通,
金健康夜读,
金健康日刊,
金华百事通,
金口娱言传媒,
金台发布,
金城江那些事,
金堂家乡群,
金寨老乡,
金寨论坛,
金小贝,
金普发布,
金毛阿四,
金汇通航,
金海滩海景房,
金湖论坛,
金牛财经,
金羊毛工作坊,
金苑自驾游拼单,
金融五道口,
金融八卦女频道,
金融商机,
金融大曝点,
金融晓生,
金融梦工厂,
金融爆点,
金融第一教室,
金融街1号,
金轮新月,
金错刀,
金陵掌上医生,
金陵石化在线,
金鸽传媒,
金鹰955,
鑫达帮,
鑫鱼娱乐社,
铁军硬汉,
铁岭人才信息,
铁流,
铁血军事,
铁血军魂网,
铁血尖兵连,
铁血悍将,
铁血战堂,
铁血皇汉,
铁血秘档,
铁路职工之家,
铁道说,
铅山人社区,
铜仁微生活网,
铜川第一线,
铜鼓发布,
铜鼓资讯,
铮眼瞰世界,
铲子骑士团,
银川发布,
链媒媒,
链景App,
铿锵陶辞,
销售与管理,
销售省钱学,
锐见时评,
锐见财经评论,
锐视界,
锡山发布,
锦华传媒999,
锦绣无为,
镇原微圈,
镇守海,
镇安热线,
镇安老乡情,
镇雄信息网,
镇雄医保,
镇雄微助手,
镇雄微天地,
镇雄微生活,
長物志造,
长三角房产观澜,
长乐快讯,
长安剑,
长安荣耀,
长春保卫团,
长春全接触,
长春播报,
长春晚报,
长汀论坛,
长江商业评论,
长江新城汇,
长沙县党建O2O,
长沙晚报,
长淮微风,
长清微同城,
长清微生活,
闫小坏儿3,
问律,
问政大理2018,
闲云书屋,
闲时花开,
闲来漫画,
闲话名媛,
闻喜老乡俱乐部,
阜新奉天,
阜阳交通广播,
阜阳在线,
阜阳市工商行政管理局,
阜阳房价,
阜阳新闻网,
阜阳爱家网,
防务热点,
防身教练,
防骗卫士,
防骗大数据,
防骗大联盟,
阳光城市频道,
阳光开发区,
阳原门户网,
阳台种菜超简单,
阳朔县福利镇人民政府公众号,
阳江交通执法,
阳江第一报,
阳泉快讯,
阳澄红,
阳西吧,
阳谷村村通,
阳高发布,
阳高视窗网,
阿SIR,
阿何有话说,
阿呆继续曰,
阿布在燕郊,
阿拉脱单,
阿旗佰事通,
阿根廷华人在线,
阿米很乖,
阿聪讲故事,
阿衰漫画,
阿辩论,
陀废论,
陆丰吧,
陆丰热门,
陆家嘴制高点,
陆弃,
陆河人家,
陆良生活圈,
陈I伟霆,
陈安之,
陈文玲评说,
陈胜吴广联盟,
陌上美国,
陕癫侠,
陕西微热点,
陕西打传第一人,
陕西深度关注,
陕西碎事,
陕西舆情报告,
陶阳论坛,
随州网,
隐藏在娱乐圈深处的人,
隔壁一老王,
隧道人联盟,
难说真话,
雄安快讯,
雄容安今日,
雄容安传媒,
雄快消息,
雅生活服务集团,
集卡货车联盟,
雨夜青灯归来,
雨嫣工作室,
雨过天晴月,
雪儿夜听,
雪球壹号,
零点芳华,
零点观察,
零点追书,
雷立刚,
雷锋网,
雷霆反腐,
雷霆鹤勇,
震惊全球大案,
霍山东西溪,
霍山县下符桥镇人民政府,
霍州生活网,
霍老爷,
霍邱佰事通便民服务,
霸州123红,
霸都楼市,
青天白日下,
青岛乐活,
青岛大众网,
青岛平度人,
青岛早知道,
青岛时政,
青岛智慧养老平台,
青岛网络手机台,
青岛视点,
青岛违章查询,
青州小夕有话说,
青州广电,
青州新闻网,
青州生活帮,
青州论坛,
青年人文社科,
青年文学精选,
青年文摘,
青年特稿,
青年眼,
青年观察家,
青年计划,
青春上海,
青春全烩,
青春红塔,
青海7点半,
青涩小书屋,
靖江大事件,
靖江视野,
靖边在线2,
靖边快讯,
静华社,
静观风云,
静说日本,
非存故舍,
非正常人类研究所,
非正常档案,
靠山屯闲话,
韩城百事通,
韩语能力考试,
音乐小强,
音乐财经,
韵新小说,
韶关市民网,
韶关微生活圈,
韶关最前线,
顺德生活通,
顺德街坊,
顺网游戏,
顾颖琼博士说天下,
预报中心,
领导参考,
领秀,
领袖创业智慧,
领袖管理学府,
颍上论坛,
风云之声,
风华耗尽俗不可耐,
风吹江南,
风吹花落雪,
风灵,
风说贴,
风雅文刊,
风雅文摘,
风雅时光经典乐读,
飞企互联,
飞哥文字,
飞天小娱警,
飞客帝国,
飞机钻石福利每日一题,
飞碟说,
飞蚂蚁,
食品安全云,
食品观察家,
食药法苑,
饭特特稀,
饭统戴老板,
饲猫少女爱丽丝,
饶平时事,
饶平生活汇,
馆陶便民信息,
馆陶驿站,
馒乡江镇,
首席娱记,
首席砖家,
首席读书会,
香港情报,
香港爆料,
香菇难瘦,
马勒大叔,
马庆云,
马拉松123,
马桶密史,
马鞍山楼市,
驻马店圈子,
驻马店大城小事儿,
驼城驿站,
驾享租车,
驿站,
骆驼娱乐,
骗局爆料,
骡子思维,
高信文明社区,
高县金线岭社区,
高密日报,
高手出民间,
高港论坛,
高碎说一不二,
高能E蓓子,
高铁部落,
高顿财务培训,
鬼叔怪谈解密,
鬼师兄讲鬼故事,
鬼故事,
鬼片,
魁北客,
魅力嘉兴,
魅力大昆明,
魅力大重庆,
魅力太极活力小街,
魅力常德,
魏州网,
魏道泉城,
魏雅华,
魔方微猎武汉,
魔都囡,
魔都海滩,
魔都潮人部落,
魔鬼经济学堂,
鱼羊密史,
鲁南商报,
鲁国平先生,
鲁晓芙看欧洲,
鲁班工匠,
鲁直20,
鲁网潍坊,
鲤伴,
鳗鲸的海,
鸡病专业网,
鸡西龙安,
鸡鸣书屋,
鸢尾与猫,
鸣金网,
鹤城圈,
鹤峰之窗,
鹰眼巡视,
鹰眼看裁判翘楚版,
鹰眼解读,
鹰视眼,
鹿寨圈,
鹿邑在线,
麦儿视频,
麦子熟了,
麦杰逊,
麦田里没有守望者,
黄埔开疆,
黄尘古道,
黄山广电台,
黄岩号外,
黄瓜文学,
黄石城市建设,
黎城城市在线,
黑云杂说,
黑幕焦点,
黑播i,
黑猫警长,
黑科技联盟,
黑色时政快讯,
黑色秘闻,
黑茶官网,
黑虎传媒,
黑龙江商贸,
黑龙江网报,
黑龙江高速实时路况,
黛雅参阅,
鼎新智库,
鼎鼎人生,
齐乐看剧吧,
齐鲁儿女网,
齐鲁观,
龙之泉温泉度假区,
龙套八卦,
龙山下的乡下人,
龙山在线,
龙山微友圈,
龙岩万达影城,
龙泉微生活备用号,
龙泉热线,
龙港大叔新闻,
龙湾永强在线,
龙王传说那些事,
龙门局,
龚州网,
